year_,Division,homicide_type,occurrence_date,Hood_ID,Neighbourhood,Lat,Long,FID
2007,D52,Shooting,2007-09-19T04:00:00.000Z,75,Church-Yonge Corridor (75),43.6590996,-79.3821182,1
2007,D33,Other,2007-09-25T04:00:00.000Z,45,Parkwoods-Donalda (45),43.7646408,-79.3446503,2
2007,D31,Shooting,2007-09-28T04:00:00.000Z,25,Glenfield-Jane Heights (25),43.7548561,-79.5170746,3
2007,D31,Stabbing,2007-10-02T04:00:00.000Z,26,Downsview-Roding-CFB (26),43.7373734,-79.4907761,4
2007,D12,Shooting,2007-10-06T04:00:00.000Z,111,Rockcliffe-Smythe (111),43.6716728,-79.4937515,5
2007,D13,Shooting,2007-10-08T04:00:00.000Z,94,Wychwood (94),43.6805267,-79.4312897,6
2007,D31,Shooting,2007-10-09T04:00:00.000Z,25,Glenfield-Jane Heights (25),43.7501373,-79.5113907,7
2007,D41,Shooting,2007-10-14T04:00:00.000Z,119,Wexford/Maryvale (119),43.7570267,-79.3101501,8
2007,D33,Other,2007-10-18T04:00:00.000Z,48,Hillcrest Village (48),43.8090858,-79.3618851,9
2007,D55,Shooting,2007-10-21T04:00:00.000Z,68,North Riverdale (68),43.6661606,-79.3529129,10
2007,D22,Shooting,2007-10-27T04:00:00.000Z,14,Islington-City Centre West (14),43.6467743,-79.5305557,11
2007,D41,Other,2007-09-01T04:00:00.000Z,120,Clairlea-Birchmount (120),43.7079391,-79.2874374,12
2007,D31,Stabbing,2007-11-03T04:00:00.000Z,25,Glenfield-Jane Heights (25),43.7491493,-79.515686,13
2007,D51,Shooting,2007-11-06T05:00:00.000Z,73,Moss Park (73),43.6565018,-79.366951,14
2007,D42,Shooting,2007-11-23T05:00:00.000Z,118,Tam O'Shanter-Sullivan (118),43.783596,-79.2993469,15
2007,D42,Shooting,2007-11-23T05:00:00.000Z,132,Malvern (132),43.7946625,-79.2349319,16
2007,D54,Stabbing,2007-11-23T05:00:00.000Z,54,O'Connor-Parkview (54),43.7105293,-79.3089523,17
2007,D31,Shooting,2007-11-25T05:00:00.000Z,24,Black Creek (24),43.7672119,-79.5147705,18
2007,D43,Shooting,2007-11-28T05:00:00.000Z,135,Morningside (135),43.784832,-79.1954346,19
2007,D42,Shooting,2007-12-02T05:00:00.000Z,132,Malvern (132),43.812088,-79.2125473,20
2007,D42,Shooting,2007-12-14T05:00:00.000Z,131,Rouge (131),43.8179092,-79.2110214,21
2007,D51,Shooting,2007-12-23T05:00:00.000Z,72,Regent Park (72),43.6583023,-79.3595047,22
2007,D23,Stabbing,2007-12-25T05:00:00.000Z,2,Mount Olive-Silverstone-Jamestown (2),43.7536201,-79.5870972,23
2007,D43,Stabbing,2007-12-01T05:00:00.000Z,137,Woburn (137),43.7754402,-79.2525864,24
2007,D51,,2007-02-11T05:00:00.000Z,77,Waterfront Communities-The Island (77),43.64394,-79.3689957,25
2008,D54,Stabbing,2008-01-01T05:00:00.000Z,54,O'Connor-Parkview (54),43.7089462,-79.317009,26
2008,D51,Shooting,2008-01-12T05:00:00.000Z,75,Church-Yonge Corridor (75),43.6693687,-79.3864212,27
2008,D55,Shooting,2008-01-17T05:00:00.000Z,68,North Riverdale (68),43.666153,-79.3494568,28
2008,D31,Shooting,2008-01-22T05:00:00.000Z,26,Downsview-Roding-CFB (26),43.7248955,-79.5096054,29
2008,D43,Shooting,2008-02-01T05:00:00.000Z,138,Eglinton East (138),43.7447929,-79.2447205,30
2008,D43,Shooting,2008-02-01T05:00:00.000Z,138,Eglinton East (138),43.7447929,-79.2447205,31
2008,D42,Shooting,2008-02-17T05:00:00.000Z,132,Malvern (132),43.8135796,-79.2305603,32
2008,D43,Shooting,2008-02-22T05:00:00.000Z,137,Woburn (137),43.7637329,-79.2114182,33
2008,D14,Other,2008-02-23T05:00:00.000Z,81,Trinity-Bellwoods (81),43.647747,-79.4095001,34
2008,D32,Other,2008-02-28T05:00:00.000Z,34,Bathurst Manor (34),43.751667,-79.456749,35
2008,D32,Shooting,2008-03-14T04:00:00.000Z,31,Yorkdale-Glen Park (31),43.7191162,-79.4482269,36
2008,D22,Stabbing,2008-03-18T04:00:00.000Z,13,Etobicoke West Mall (13),43.6523972,-79.5722122,37
2008,D55,Shooting,2008-03-18T04:00:00.000Z,70,South Riverdale (70),43.6648445,-79.3416061,38
2008,D14,Stabbing,2008-04-17T04:00:00.000Z,93,Dovercourt-Wallace Emerson-Junction (93),43.6620674,-79.4458618,39
2008,D43,Stabbing,2008-05-04T04:00:00.000Z,139,Scarborough Village (139),43.7451057,-79.2197266,40
2008,D12,Stabbing,2008-04-30T04:00:00.000Z,90,Junction Area (90),43.6678658,-79.4656143,41
2008,D43,Other,2008-05-04T04:00:00.000Z,139,Scarborough Village (139),43.7451057,-79.2197266,42
2008,D33,Stabbing,2008-05-17T04:00:00.000Z,42,Banbury-Don Mills (42),43.731266,-79.3351898,43
2008,D33,Other,2008-05-17T04:00:00.000Z,42,Banbury-Don Mills (42),43.731266,-79.3351898,44
2008,D42,Shooting,2008-05-28T04:00:00.000Z,132,Malvern (132),43.8105507,-79.2139359,45
2008,D42,Shooting,2008-05-28T04:00:00.000Z,118,Tam O'Shanter-Sullivan (118),43.7841148,-79.2971649,46
2009,D14,Shooting,2009-10-10T04:00:00.000Z,85,South Parkdale (85),43.6339531,-79.4347763,47
2008,D54,Shooting,2008-05-30T04:00:00.000Z,120,Clairlea-Birchmount (120),43.7166748,-79.2992859,48
2008,D55,Shooting,2008-02-25T05:00:00.000Z,62,East End-Danforth (62),43.6859818,-79.3063965,49
2008,D14,Shooting,2008-06-13T04:00:00.000Z,82,Niagara (82),43.6450157,-79.4094772,50
2008,D14,Shooting,2008-06-13T04:00:00.000Z,82,Niagara (82),43.6450157,-79.4094772,51
2008,D12,Shooting,2008-06-15T04:00:00.000Z,111,Rockcliffe-Smythe (111),43.6716728,-79.4937515,52
2008,D41,Other,2008-06-23T04:00:00.000Z,120,Clairlea-Birchmount (120),43.7000847,-79.2867279,53
2008,D54,Other,2008-06-22T04:00:00.000Z,61,Taylor-Massey (61),43.6965256,-79.2973099,54
2008,D41,Shooting,2008-07-09T04:00:00.000Z,119,Wexford/Maryvale (119),43.7514992,-79.3130264,55
2008,D53,Stabbing,2008-07-14T04:00:00.000Z,98,Rosedale-Moore Park (98),43.6891327,-79.3945694,56
2008,D43,Shooting,2008-07-17T04:00:00.000Z,135,Morningside (135),43.784832,-79.1954346,57
2008,D42,Shooting,2008-07-19T04:00:00.000Z,131,Rouge (131),43.797863,-79.1527786,58
2008,D22,Shooting,2008-07-20T04:00:00.000Z,20,Alderwood (20),43.6062927,-79.5459824,59
2008,D22,Shooting,2008-07-20T04:00:00.000Z,20,Alderwood (20),43.6062927,-79.5459824,60
2008,D22,Shooting,2008-07-20T04:00:00.000Z,20,Alderwood (20),43.6062927,-79.5459824,61
2007,D23,Stabbing,2007-12-25T05:00:00.000Z,2,Mount Olive-Silverstone-Jamestown (2),43.7536201,-79.5870972,62
2007,D42,Stabbing,2007-06-25T04:00:00.000Z,131,Rouge (131),43.8228722,-79.2179184,63
2007,D42,Shooting,2007-07-04T04:00:00.000Z,131,Rouge (131),43.7976494,-79.1538544,64
2008,D31,Shooting,2008-07-26T04:00:00.000Z,23,Pelmo Park-Humberlea (23),43.7147408,-79.5105591,65
2008,D12,Shooting,2008-07-27T04:00:00.000Z,112,Beechborough-Greenbrook (112),43.6896706,-79.4771805,66
2008,D51,Stabbing,2008-08-02T04:00:00.000Z,73,Moss Park (73),43.6561661,-79.3701248,67
2008,D14,Other,2008-08-03T04:00:00.000Z,86,Roncesvalles (86),43.6429634,-79.436264,68
2004,D53,Other,2004-01-03T05:00:00.000Z,98,Rosedale-Moore Park (98),43.6850281,-79.3928528,69
2004,D42,Shooting,2004-01-08T05:00:00.000Z,137,Woburn (137),43.7815361,-79.2349625,70
2004,D42,Shooting,2004-01-08T05:00:00.000Z,132,Malvern (132),43.8108597,-79.2068939,71
2004,D13,Shooting,2004-01-25T05:00:00.000Z,93,Dovercourt-Wallace Emerson-Junction (93),43.670475,-79.4344025,72
2004,D42,Shooting,2004-01-25T05:00:00.000Z,131,Rouge (131),43.8235435,-79.2038651,73
2004,D31,Stabbing,2004-02-20T05:00:00.000Z,26,Downsview-Roding-CFB (26),43.7209167,-79.5086365,74
2004,D31,Shooting,2004-02-21T05:00:00.000Z,26,Downsview-Roding-CFB (26),43.7223663,-79.5089798,75
2004,D23,Other,2004-02-21T05:00:00.000Z,2,Mount Olive-Silverstone-Jamestown (2),43.7431145,-79.592865,76
2004,D42,Shooting,2004-03-03T05:00:00.000Z,131,Rouge (131),43.8162689,-79.2276001,77
2004,D41,Shooting,2004-03-04T05:00:00.000Z,120,Clairlea-Birchmount (120),43.7000847,-79.2867279,78
2004,D42,Shooting,2004-03-03T05:00:00.000Z,129,Agincourt North (129),43.8080292,-79.2665024,79
2004,D41,Stabbing,2004-03-13T05:00:00.000Z,137,Woburn (137),43.7664719,-79.241806,80
2004,D53,Other,2004-03-18T05:00:00.000Z,39,Bedford Park-Nortown (39),43.7096062,-79.4274597,81
2004,D42,Other,2004-03-24T05:00:00.000Z,137,Woburn (137),43.7598267,-79.2253265,82
2004,D51,Other,2004-04-01T05:00:00.000Z,73,Moss Park (73),43.6582947,-79.3710327,83
2004,D23,Shooting,2004-04-13T04:00:00.000Z,5,Elms-Old Rexdale (5),43.7250977,-79.5505676,84
2004,D23,Shooting,2004-05-01T04:00:00.000Z,2,Mount Olive-Silverstone-Jamestown (2),43.7350807,-79.5798798,85
2004,D54,Shooting,2004-03-03T05:00:00.000Z,58,Old East York (58),43.6959457,-79.3287811,86
2004,D31,Shooting,2004-05-15T04:00:00.000Z,24,Black Creek (24),43.769165,-79.5187607,87
2004,D22,Stabbing,2004-05-19T04:00:00.000Z,20,Alderwood (20),43.5943146,-79.5441437,88
2004,D51,Shooting,2004-05-21T04:00:00.000Z,72,Regent Park (72),43.6600876,-79.362999,89
2004,D23,Other,2004-05-21T04:00:00.000Z,3,Thistletown-Beaumond Heights (3),43.735508,-79.5783081,90
2004,D13,Other,2004-05-20T04:00:00.000Z,31,Yorkdale-Glen Park (31),43.7101669,-79.4570465,91
2004,D11,Other,2004-05-25T04:00:00.000Z,86,Roncesvalles (86),43.6424637,-79.4387512,92
2004,D51,Other,2004-06-01T04:00:00.000Z,73,Moss Park (73),43.660656,-79.3748474,93
2004,D14,Shooting,2004-06-04T04:00:00.000Z,85,South Parkdale (85),43.6359825,-79.4281311,94
2004,D51,Stabbing,2004-06-18T04:00:00.000Z,73,Moss Park (73),43.6545258,-79.3694611,95
2004,D31,Shooting,2004-06-19T04:00:00.000Z,23,Pelmo Park-Humberlea (23),43.7112045,-79.5351791,96
2004,D31,Shooting,2004-07-01T04:00:00.000Z,24,Black Creek (24),43.7721443,-79.5226669,97
2004,D41,Stabbing,2004-07-05T04:00:00.000Z,121,Oakridge (121),43.699543,-79.2758026,98
2004,D22,Stabbing,2004-07-07T04:00:00.000Z,16,Stonegate-Queensway (16),43.6301537,-79.4852524,99
2004,D31,Stabbing,2004-07-08T04:00:00.000Z,28,Rustic (28),43.708416,-79.5053482,100
2004,D32,Stabbing,2004-07-09T04:00:00.000Z,51,Willowdale East (51),43.7674751,-79.4124451,101
2004,D33,Shooting,2004-07-21T04:00:00.000Z,48,Hillcrest Village (48),43.8008614,-79.3563385,102
2004,D11,Other,2004-07-23T04:00:00.000Z,90,Junction Area (90),43.6632538,-79.4676514,103
2009,D51,Other,2009-10-18T04:00:00.000Z,75,Church-Yonge Corridor (75),43.6506691,-79.377243,104
2009,D31,Shooting,2009-10-18T04:00:00.000Z,27,York University Heights (27),43.7496109,-79.4875946,105
2009,D13,Shooting,2009-10-30T04:00:00.000Z,94,Wychwood (94),43.6746826,-79.431488,106
2009,D54,Shooting,2009-11-02T05:00:00.000Z,67,Playter Estates-Danforth (67),43.679409,-79.3463745,107
2009,D31,Shooting,2009-11-03T05:00:00.000Z,27,York University Heights (27),43.7519417,-79.4966965,108
2009,D53,Stabbing,2009-11-04T05:00:00.000Z,95,Annex (95),43.6726913,-79.399147,109
2009,D55,Other,2009-11-07T05:00:00.000Z,68,North Riverdale (68),43.6650505,-79.3543396,110
2009,D14,Stabbing,2009-11-07T05:00:00.000Z,95,Annex (95),43.6659164,-79.4074707,111
2010,D55,Other,2010-01-02T05:00:00.000Z,68,North Riverdale (68),43.6650505,-79.3543396,112
2009,D13,Shooting,2009-11-11T05:00:00.000Z,107,Oakwood Village (107),43.6915436,-79.4389038,113
2009,D23,Shooting,2009-11-17T05:00:00.000Z,6,Kingsview Village-The Westway (6),43.6882286,-79.5506363,114
2009,D52,Shooting,2009-11-22T05:00:00.000Z,76,Bay Street Corridor (76),43.6656456,-79.3877258,115
2009,D41,Shooting,2009-11-22T05:00:00.000Z,127,Bendale (127),43.7689438,-79.2665024,116
2009,D31,Shooting,2009-12-03T05:00:00.000Z,28,Rustic (28),43.715744,-79.5047607,117
2009,D51,Other,2009-12-05T05:00:00.000Z,74,North St.James Town (74),43.6672974,-79.3737793,118
2009,D31,Shooting,2009-12-06T05:00:00.000Z,21,Humber Summit (21),43.7566948,-79.5694427,119
2009,D31,Shooting,2009-12-07T05:00:00.000Z,113,Weston (113),43.7030106,-79.525444,120
2009,D31,Shooting,2009-12-09T05:00:00.000Z,26,Downsview-Roding-CFB (26),43.7177048,-79.5230484,121
2010,D42,Shooting,2010-01-07T05:00:00.000Z,132,Malvern (132),43.8118591,-79.2112122,122
2009,D11,Stabbing,2009-12-13T05:00:00.000Z,89,Runnymede-Bloor West Village (89),43.6656075,-79.4986115,123
2010,D14,Other,2010-01-24T05:00:00.000Z,78,Kensington-Chinatown (78),43.6502647,-79.3981628,124
2010,D41,Stabbing,2010-01-27T05:00:00.000Z,119,Wexford/Maryvale (119),43.7620239,-79.3170853,125
2009,D52,Other,2009-12-18T05:00:00.000Z,79,University (79),43.6582603,-79.398201,126
2009,D11,Shooting,2009-12-29T05:00:00.000Z,90,Junction Area (90),43.6655655,-79.4789581,127
2010,D51,Stabbing,2010-02-03T05:00:00.000Z,71,Cabbagetown-South St.James Town (71),43.6629181,-79.3743515,128
2011,D14,Stabbing,2011-01-01T05:00:00.000Z,78,Kensington-Chinatown (78),43.6480675,-79.3996735,129
2011,D41,Shooting,2011-01-05T05:00:00.000Z,125,Ionview (125),43.7328644,-79.2789001,130
2011,D43,Other,2011-01-06T05:00:00.000Z,136,West Hill (136),43.7620163,-79.1947403,131
2011,D53,Other,2011-01-12T05:00:00.000Z,95,Annex (95),43.6747284,-79.3966064,132
2011,D13,Other,2011-01-13T05:00:00.000Z,102,Forest Hill North (102),43.7046242,-79.4384995,133
2011,D51,Other,2011-01-23T05:00:00.000Z,74,North St.James Town (74),43.6662865,-79.3783493,134
2010,D12,Shooting,2010-02-07T05:00:00.000Z,30,Brookhaven-Amesbury (30),43.6984215,-79.5026093,135
2011,D31,Shooting,2011-02-01T05:00:00.000Z,21,Humber Summit (21),43.7506523,-79.5490723,136
2011,D31,Stabbing,2011-02-05T05:00:00.000Z,27,York University Heights (27),43.7496109,-79.4875946,137
2011,D12,Shooting,2011-02-11T05:00:00.000Z,112,Beechborough-Greenbrook (112),43.6934128,-79.4832687,138
2011,D43,Shooting,2011-02-11T05:00:00.000Z,137,Woburn (137),43.7596092,-79.221199,139
2011,D12,Shooting,2011-02-16T05:00:00.000Z,113,Weston (113),43.6973038,-79.5094604,140
2011,D42,Shooting,2011-02-26T05:00:00.000Z,132,Malvern (132),43.8006172,-79.2147293,141
2011,D11,Shooting,2011-03-02T05:00:00.000Z,114,Lambton Baby Point (114),43.6648865,-79.501503,142
2011,D14,Other,2011-03-03T05:00:00.000Z,93,Dovercourt-Wallace Emerson-Junction (93),43.6672211,-79.4278564,143
2011,D23,Shooting,2011-03-20T04:00:00.000Z,6,Kingsview Village-The Westway (6),43.695797,-79.5521545,144
2011,D11,Other,2011-03-21T04:00:00.000Z,85,South Parkdale (85),43.6369286,-79.4372711,145
2011,D41,Shooting,2011-03-28T04:00:00.000Z,138,Eglinton East (138),43.7348099,-79.2568359,146
2011,D55,Shooting,2011-03-28T04:00:00.000Z,63,The Beaches (63),43.6672478,-79.3125916,147
2011,D31,Other,2011-04-15T04:00:00.000Z,27,York University Heights (27),43.7653809,-79.5026703,148
2011,D54,Other,2011-04-06T04:00:00.000Z,66,Danforth (66),43.6865997,-79.3249664,149
2011,D23,Shooting,2011-04-30T04:00:00.000Z,4,Rexdale-Kipling (4),43.7133217,-79.5596924,150
2011,D42,Shooting,2011-05-26T04:00:00.000Z,117,L'Amoreaux (117),43.7931099,-79.3314133,151
2010,D31,Shooting,2010-02-08T05:00:00.000Z,28,Rustic (28),43.715744,-79.5047607,152
2011,D23,Shooting,2011-05-29T04:00:00.000Z,2,Mount Olive-Silverstone-Jamestown (2),43.7390823,-79.5928192,153
2010,D55,Other,2010-02-15T05:00:00.000Z,63,The Beaches (63),43.6633987,-79.3097534,154
2010,D43,Other,2010-02-14T05:00:00.000Z,138,Eglinton East (138),43.7381363,-79.2379379,155
2011,D31,Shooting,2011-06-16T04:00:00.000Z,25,Glenfield-Jane Heights (25),43.7525101,-79.5164871,156
2011,D33,Stabbing,2011-07-01T04:00:00.000Z,119,Wexford/Maryvale (119),43.7288933,-79.3043823,157
2011,D43,Stabbing,2011-07-22T04:00:00.000Z,139,Scarborough Village (139),43.7424889,-79.2221069,158
2011,D22,Shooting,2011-07-29T04:00:00.000Z,14,Islington-City Centre West (14),43.6526527,-79.5632248,159
2011,D12,Other,2011-07-29T04:00:00.000Z,115,Mount Dennis (115),43.6883087,-79.4931412,160
2011,D12,Shooting,2011-07-31T04:00:00.000Z,115,Mount Dennis (115),43.6912079,-79.5079803,161
2011,D31,Stabbing,2011-08-10T04:00:00.000Z,26,Downsview-Roding-CFB (26),43.726284,-79.4837036,162
2011,D31,Shooting,2011-08-20T04:00:00.000Z,27,York University Heights (27),43.7431068,-79.4942398,163
2011,D32,Shooting,2011-08-23T04:00:00.000Z,33,Clanton Park (33),43.7412224,-79.4364471,164
2011,D11,Shooting,2011-08-27T04:00:00.000Z,114,Lambton Baby Point (114),43.6648865,-79.501503,165
2011,D43,Other,2011-09-11T04:00:00.000Z,137,Woburn (137),43.7725296,-79.249855,166
2011,D41,Shooting,2011-09-17T04:00:00.000Z,120,Clairlea-Birchmount (120),43.7070007,-79.2681274,167
2011,D14,Shooting,2011-10-02T04:00:00.000Z,81,Trinity-Bellwoods (81),43.6471863,-79.4159393,168
2010,D43,Shooting,2010-03-11T05:00:00.000Z,136,West Hill (136),43.7654495,-79.1994705,169
2011,D54,Shooting,2011-10-09T04:00:00.000Z,120,Clairlea-Birchmount (120),43.7166748,-79.2992859,170
2011,D54,Shooting,2011-10-14T04:00:00.000Z,61,Taylor-Massey (61),43.6943817,-79.3006058,171
2010,D41,Other,2010-03-13T05:00:00.000Z,119,Wexford/Maryvale (119),43.7665482,-79.3133774,172
2011,D31,Shooting,2011-10-15T04:00:00.000Z,24,Black Creek (24),43.7634354,-79.5098801,173
2011,D22,Shooting,2011-10-21T04:00:00.000Z,13,Etobicoke West Mall (13),43.6485023,-79.5761642,174
2011,D31,Shooting,2011-10-28T04:00:00.000Z,26,Downsview-Roding-CFB (26),43.7300453,-79.5086136,175
2010,D11,Other,2010-04-04T04:00:00.000Z,87,High Park-Swansea (87),43.6550331,-79.4534454,176
2011,D55,Shooting,2011-11-29T05:00:00.000Z,70,South Riverdale (70),43.6523476,-79.3229218,177
2011,D32,Stabbing,2011-12-02T05:00:00.000Z,50,Newtonbrook East (50),43.7825012,-79.4074631,178
2011,D32,Stabbing,2011-12-03T05:00:00.000Z,39,Bedford Park-Nortown (39),43.7393761,-79.4238663,179
2010,D51,Other,2010-04-28T04:00:00.000Z,73,Moss Park (73),43.6545258,-79.3694611,180
2011,D43,Shooting,2011-12-30T05:00:00.000Z,135,Morningside (135),43.7640533,-79.2056274,181
2011,D14,Stabbing,2011-12-31T05:00:00.000Z,78,Kensington-Chinatown (78),43.6525536,-79.3998718,182
2011,D51,Other,2011-12-26T05:00:00.000Z,72,Regent Park (72),43.6624184,-79.3586884,183
2011,D12,Other,2011-12-02T05:00:00.000Z,28,Rustic (28),43.7028809,-79.5038376,184
2011,D42,Other,2011-02-19T05:00:00.000Z,132,Malvern (132),43.7919121,-79.2303696,185
2010,D13,Shooting,2010-05-03T04:00:00.000Z,107,Oakwood Village (107),43.684906,-79.4337769,186
2010,D42,Stabbing,2010-05-10T04:00:00.000Z,117,L'Amoreaux (117),43.7974892,-79.3123169,187
2010,D12,Shooting,2010-05-17T04:00:00.000Z,112,Beechborough-Greenbrook (112),43.691227,-79.4703979,188
2010,D12,Other,2010-05-31T04:00:00.000Z,30,Brookhaven-Amesbury (30),43.6995544,-79.5028915,189
2012,D42,Shooting,2012-01-01T05:00:00.000Z,120,Clairlea-Birchmount (120),43.7279472,-79.2827606,190
2012,D14,Stabbing,2012-01-01T05:00:00.000Z,82,Niagara (82),43.6386528,-79.4171066,191
2012,D53,Other,2012-01-01T05:00:00.000Z,56,Leaside-Bennington (56),43.7053604,-79.3654938,192
2012,D43,Shooting,2012-01-21T05:00:00.000Z,125,Ionview (125),43.7299652,-79.2778625,193
2012,D42,Shooting,2012-01-24T05:00:00.000Z,132,Malvern (132),43.8055801,-79.2209244,194
2010,D31,Other,2010-05-29T04:00:00.000Z,25,Glenfield-Jane Heights (25),43.7393913,-79.5132217,195
2012,D11,Shooting,2012-01-27T05:00:00.000Z,83,Dufferin Grove (83),43.6542778,-79.4373016,196
2012,D32,Shooting,2012-02-20T05:00:00.000Z,38,Lansing-Westgate (38),43.7574692,-79.4254227,197
2012,D32,Shooting,2012-02-20T05:00:00.000Z,38,Lansing-Westgate (38),43.7574692,-79.4254227,198
2012,D42,Other,2012-02-29T05:00:00.000Z,117,L'Amoreaux (117),43.7844925,-79.3152313,199
2012,D32,Other,2012-03-11T05:00:00.000Z,51,Willowdale East (51),43.7656593,-79.4119949,200
2010,D13,Stabbing,2010-06-12T04:00:00.000Z,96,Casa Loma (96),43.6800499,-79.4158554,201
2012,D22,Stabbing,2012-03-23T04:00:00.000Z,15,Kingsway South (15),43.6494026,-79.5196457,202
2010,D14,Other,2010-05-08T04:00:00.000Z,93,Dovercourt-Wallace Emerson-Junction (93),43.6653748,-79.4434433,203
2010,D11,Stabbing,2010-05-29T04:00:00.000Z,87,High Park-Swansea (87),43.6404266,-79.473381,204
2016,D43,Other,2016-08-25T04:00:00.000Z,139,Scarborough Village (139),43.7395859,-79.2228241,205
2016,D43,Other,2016-08-25T04:00:00.000Z,139,Scarborough Village (139),43.7395859,-79.2228241,206
2016,D55,Shooting,2016-08-27T04:00:00.000Z,70,South Riverdale (70),43.6600647,-79.3523102,207
2016,D14,Shooting,2016-09-11T04:00:00.000Z,85,South Parkdale (85),43.6373482,-79.4253387,208
2016,D31,Stabbing,2016-09-13T04:00:00.000Z,27,York University Heights (27),43.7685204,-79.5005569,209
2016,D43,Stabbing,2016-09-23T04:00:00.000Z,127,Bendale (127),43.7743988,-79.2535477,210
2016,D11,Other,2016-09-21T04:00:00.000Z,91,Weston-Pellam Park (91),43.6702118,-79.4570313,211
2016,D23,Shooting,2016-09-30T04:00:00.000Z,1,West Humber-Clairville (1),43.7341003,-79.6099167,212
2014,D51,Other,2014-01-30T05:00:00.000Z,75,Church-Yonge Corridor (75),43.6543236,-79.3787689,213
2016,D12,Shooting,2016-10-16T04:00:00.000Z,113,Weston (113),43.7006035,-79.5177917,214
2016,D23,Shooting,2016-10-18T04:00:00.000Z,1,West Humber-Clairville (1),43.7470398,-79.6001587,215
2016,D23,Shooting,2016-10-24T04:00:00.000Z,6,Kingsview Village-The Westway (6),43.6995316,-79.5563736,216
2016,D43,Shooting,2016-10-27T04:00:00.000Z,135,Morningside (135),43.7640533,-79.2056274,217
2016,D14,Other,2016-11-05T04:00:00.000Z,80,Palmerston-Little Italy (80),43.6554642,-79.4126129,218
2016,D33,Shooting,2016-11-18T05:00:00.000Z,43,Victoria Village (43),43.7260284,-79.3135223,219
2016,D31,Shooting,2016-11-19T05:00:00.000Z,24,Black Creek (24),43.769165,-79.5187607,220
2016,D55,Shooting,2016-11-27T05:00:00.000Z,70,South Riverdale (70),43.6617737,-79.3529434,221
2016,D32,Other,2016-12-03T05:00:00.000Z,33,Clanton Park (33),43.7506409,-79.4415665,222
2016,D31,Stabbing,2016-12-04T05:00:00.000Z,24,Black Creek (24),43.7553139,-79.5269089,223
2016,D54,Shooting,2016-12-07T05:00:00.000Z,58,Old East York (58),43.6937408,-79.3427277,224
2016,D43,Shooting,2016-12-14T05:00:00.000Z,139,Scarborough Village (139),43.7450218,-79.219696,225
2016,D14,Stabbing,2016-12-16T05:00:00.000Z,83,Dufferin Grove (83),43.6527443,-79.4316788,226
2016,D12,Shooting,2016-12-17T05:00:00.000Z,113,Weston (113),43.700161,-79.5162048,227
2016,D23,Shooting,2016-12-18T05:00:00.000Z,6,Kingsview Village-The Westway (6),43.7013283,-79.5486755,228
2016,D51,Stabbing,2016-12-24T05:00:00.000Z,73,Moss Park (73),43.6561661,-79.3701248,229
2017,D51,Shooting,2017-01-08T05:00:00.000Z,73,Moss Park (73),43.6548576,-79.3679428,230
2016,D42,Other,2016-02-05T05:00:00.000Z,132,Malvern (132),43.8065376,-79.2186508,231
2016,D42,Other,2016-02-05T05:00:00.000Z,132,Malvern (132),43.8065376,-79.2186508,232
2016,D42,Other,2016-02-05T05:00:00.000Z,132,Malvern (132),43.8065376,-79.2186508,233
2016,D42,Other,2016-02-05T05:00:00.000Z,132,Malvern (132),43.8065376,-79.2186508,234
2017,D31,Shooting,2017-01-23T05:00:00.000Z,21,Humber Summit (21),43.7559853,-79.5704193,235
2017,D22,Other,2017-01-26T05:00:00.000Z,17,Mimico (includes Humber Bay Shores) (17),43.6120872,-79.5158234,236
2017,D51,Shooting,2017-01-30T05:00:00.000Z,73,Moss Park (73),43.6516075,-79.3710785,237
2017,D51,Shooting,2017-01-30T05:00:00.000Z,71,Cabbagetown-South St.James Town (71),43.6629715,-79.3623352,238
2017,D31,Shooting,2017-02-01T05:00:00.000Z,25,Glenfield-Jane Heights (25),43.7548561,-79.5170746,239
2017,D54,Shooting,2017-02-05T05:00:00.000Z,66,Danforth (66),43.6828117,-79.3429718,240
2017,D23,Shooting,2017-02-06T05:00:00.000Z,5,Elms-Old Rexdale (5),43.7165527,-79.5523682,241
2017,D32,Other,2017-02-06T05:00:00.000Z,37,Willowdale West (37),43.7748947,-79.4155807,242
2017,D54,Other,2017-02-16T05:00:00.000Z,54,O'Connor-Parkview (54),43.7022209,-79.297287,243
2015,D23,Other,2015-01-16T05:00:00.000Z,1,West Humber-Clairville (1),43.7420998,-79.5951614,244
2017,D53,Shooting,2017-02-25T05:00:00.000Z,55,Thorncliffe Park (55),43.7074776,-79.3436279,245
2016,D23,Shooting,2016-05-15T04:00:00.000Z,2,Mount Olive-Silverstone-Jamestown (2),43.7320251,-79.5894241,246
2017,D42,Shooting,2017-03-16T04:00:00.000Z,131,Rouge (131),43.8102036,-79.1846695,247
2017,D54,Shooting,2017-03-18T04:00:00.000Z,61,Taylor-Massey (61),43.7016792,-79.2954559,248
2017,D11,Shooting,2017-03-31T04:00:00.000Z,8,Humber Heights-Westmount (8),43.6912231,-79.519722,249
2017,D42,Shooting,2017-04-14T04:00:00.000Z,117,L'Amoreaux (117),43.7974548,-79.3309326,250
2017,D55,Shooting,2017-04-14T04:00:00.000Z,70,South Riverdale (70),43.6600876,-79.3444595,251
2017,D13,Shooting,2017-04-21T04:00:00.000Z,108,Briar Hill-Belgravia (108),43.6979179,-79.4511414,252
2017,D55,Other,2017-03-04T05:00:00.000Z,68,North Riverdale (68),43.6654854,-79.3554077,253
2017,D55,Shooting,2017-05-22T04:00:00.000Z,68,North Riverdale (68),43.6670952,-79.345192,254
2017,D12,Other,2017-06-07T04:00:00.000Z,112,Beechborough-Greenbrook (112),43.6883698,-79.4828796,255
2017,D31,Shooting,2017-06-11T04:00:00.000Z,22,Humbermede (22),43.7476883,-79.5572815,256
2017,D11,Stabbing,2017-06-23T04:00:00.000Z,93,Dovercourt-Wallace Emerson-Junction (93),43.6672173,-79.4441757,257
2017,D51,Shooting,2017-07-02T04:00:00.000Z,72,Regent Park (72),43.66045,-79.364769,258
2017,D42,Shooting,2017-07-23T04:00:00.000Z,131,Rouge (131),43.8133163,-79.1991959,259
2017,D42,Shooting,2017-07-23T04:00:00.000Z,131,Rouge (131),43.8133163,-79.1991959,260
2017,D42,Shooting,2017-07-23T04:00:00.000Z,132,Malvern (132),43.810276,-79.2105103,261
2017,D32,Shooting,2017-07-30T04:00:00.000Z,31,Yorkdale-Glen Park (31),43.7140884,-79.4547501,262
2017,D51,Shooting,2017-07-31T04:00:00.000Z,73,Moss Park (73),43.6545258,-79.3694611,263
2017,D13,Shooting,2017-08-01T04:00:00.000Z,106,Humewood-Cedarvale (106),43.6861954,-79.4208679,264
2017,D54,Stabbing,2017-07-31T04:00:00.000Z,57,Broadview North (57),43.6895103,-79.3536606,265
2017,D31,Stabbing,2017-08-17T04:00:00.000Z,24,Black Creek (24),43.759285,-79.5079269,266
2017,D55,Other,2017-05-22T04:00:00.000Z,68,North Riverdale (68),43.6670952,-79.345192,267
2017,D14,Shooting,2017-08-20T04:00:00.000Z,79,University (79),43.656723,-79.406517,268
2017,D31,Stabbing,2017-08-22T04:00:00.000Z,25,Glenfield-Jane Heights (25),43.7491493,-79.515686,269
2017,D31,Shooting,2017-08-31T04:00:00.000Z,26,Downsview-Roding-CFB (26),43.7198334,-79.5138016,270
2017,D23,Shooting,2017-09-02T04:00:00.000Z,5,Elms-Old Rexdale (5),43.7276535,-79.5495377,271
2017,D43,Stabbing,2017-09-06T04:00:00.000Z,138,Eglinton East (138),43.73946,-79.2455292,272
2017,D33,Stabbing,2017-09-13T04:00:00.000Z,53,Henry Farm (53),43.7693024,-79.3431091,273
2017,D41,Shooting,2017-09-14T04:00:00.000Z,126,Dorset Park (126),43.7689018,-79.285553,274
2017,D51,Shooting,2017-09-16T04:00:00.000Z,71,Cabbagetown-South St.James Town (71),43.6634293,-79.3603287,275
2017,D52,Shooting,2017-09-16T04:00:00.000Z,76,Bay Street Corridor (76),43.6480103,-79.3863678,276
2017,D41,Stabbing,2017-09-10T04:00:00.000Z,122,Birchcliffe-Cliffside (122),43.6981697,-79.2644653,277
2017,D31,Shooting,2017-09-29T04:00:00.000Z,26,Downsview-Roding-CFB (26),43.7198334,-79.5138016,278
2017,D51,Shooting,2017-10-01T04:00:00.000Z,70,South Riverdale (70),43.6430931,-79.3506165,279
2017,D51,Shooting,2017-10-01T04:00:00.000Z,70,South Riverdale (70),43.6430931,-79.3506165,280
2017,D23,Shooting,2017-10-05T04:00:00.000Z,6,Kingsview Village-The Westway (6),43.6944733,-79.5484695,281
2017,D23,Other,2017-10-04T04:00:00.000Z,4,Rexdale-Kipling (4),43.7265511,-79.5702362,282
2017,D54,Stabbing,2017-10-07T04:00:00.000Z,60,Woodbine-Lumsden (60),43.6975288,-79.3159485,283
2017,D23,Shooting,2017-10-08T04:00:00.000Z,6,Kingsview Village-The Westway (6),43.6987343,-79.5522308,284
2017,D31,Shooting,2017-10-14T04:00:00.000Z,21,Humber Summit (21),43.751442,-79.5529861,285
2017,D53,Stabbing,2017-10-20T04:00:00.000Z,55,Thorncliffe Park (55),43.7074776,-79.3436279,286
2017,D14,Other,2017-10-13T04:00:00.000Z,93,Dovercourt-Wallace Emerson-Junction (93),43.6677628,-79.4254379,287
2017,D54,Stabbing,2017-10-28T04:00:00.000Z,43,Victoria Village (43),43.7159882,-79.3049393,288
2017,D12,Stabbing,2017-11-14T05:00:00.000Z,113,Weston (113),43.7010422,-79.5194016,289
2017,D42,Shooting,2017-11-21T05:00:00.000Z,131,Rouge (131),43.813343,-79.2017746,290
2017,D43,Shooting,2017-12-04T05:00:00.000Z,139,Scarborough Village (139),43.7417946,-79.2251663,291
2017,D51,Other,2017-11-29T05:00:00.000Z,75,Church-Yonge Corridor (75),43.6667061,-79.3813629,292
2017,D43,Other,2017-12-06T05:00:00.000Z,133,Centennial Scarborough (133),43.7764626,-79.1505432,293
2017,D51,Shooting,2017-11-13T05:00:00.000Z,72,Regent Park (72),43.6594429,-79.3660126,294
2017,D42,Other,2017-12-12T05:00:00.000Z,132,Malvern (132),43.8118591,-79.2112122,295
2017,D51,Shooting,2017-12-16T05:00:00.000Z,77,Waterfront Communities-The Island (77),43.6478386,-79.3707886,296
2004,D31,Shooting,2004-02-20T05:00:00.000Z,26,Downsview-Roding-CFB (26),43.7209167,-79.5086365,297
2017,D53,Other,2017-12-31T05:00:00.000Z,55,Thorncliffe Park (55),43.7080193,-79.3413849,298
2017,D53,Other,2017-12-31T05:00:00.000Z,55,Thorncliffe Park (55),43.7080193,-79.3413849,299
2017,D53,Other,2017-12-31T05:00:00.000Z,55,Thorncliffe Park (55),43.7080193,-79.3413849,300
2017,D33,Other,2017-12-15T05:00:00.000Z,40,St.Andrew-Windfields (40),43.7578926,-79.3821793,301
2017,D33,Other,2017-12-15T05:00:00.000Z,40,St.Andrew-Windfields (40),43.7578926,-79.3821793,302
2010,D22,Other,2010-06-12T04:00:00.000Z,18,New Toronto (18),43.5993271,-79.5118637,303
2010,D23,Stabbing,2010-06-29T04:00:00.000Z,6,Kingsview Village-The Westway (6),43.694252,-79.5586472,304
2010,D12,Stabbing,2010-06-30T04:00:00.000Z,111,Rockcliffe-Smythe (111),43.6761055,-79.5059433,305
2010,D31,Shooting,2010-07-02T04:00:00.000Z,27,York University Heights (27),43.7447815,-79.4864502,306
2010,D53,Stabbing,2010-07-02T04:00:00.000Z,95,Annex (95),43.6683922,-79.4020233,307
2012,D12,Shooting,2012-04-12T04:00:00.000Z,111,Rockcliffe-Smythe (111),43.6727638,-79.4876251,308
2012,D41,Stabbing,2012-04-15T04:00:00.000Z,119,Wexford/Maryvale (119),43.7325554,-79.3058929,309
2012,D11,Other,2012-04-16T04:00:00.000Z,88,High Park North (88),43.657547,-79.4652481,310
2012,D32,Shooting,2012-05-04T04:00:00.000Z,32,Englemount-Lawrence (32),43.7226105,-79.441864,311
2012,D53,Shooting,2012-05-09T04:00:00.000Z,100,Yonge-Eglinton (100),43.6979294,-79.4033203,312
2012,D41,Other,2012-05-07T04:00:00.000Z,121,Oakridge (121),43.7032204,-79.2795181,313
2012,D11,Shooting,2012-05-10T04:00:00.000Z,114,Lambton Baby Point (114),43.6648865,-79.501503,314
2012,D51,Other,2012-05-14T04:00:00.000Z,73,Moss Park (73),43.6507339,-79.3706894,315
2012,D43,Shooting,2012-05-31T04:00:00.000Z,133,Centennial Scarborough (133),43.7864952,-79.1552658,316
2012,D52,Shooting,2012-06-02T04:00:00.000Z,75,Church-Yonge Corridor (75),43.6540642,-79.3799744,317
2012,D52,Shooting,2012-06-02T04:00:00.000Z,75,Church-Yonge Corridor (75),43.6540642,-79.3799744,318
2012,D14,Shooting,2012-06-18T04:00:00.000Z,80,Palmerston-Little Italy (80),43.6552467,-79.4183273,319
2012,D41,Shooting,2012-06-22T04:00:00.000Z,126,Dorset Park (126),43.7694244,-79.2822571,320
2012,D32,Shooting,2012-06-23T04:00:00.000Z,51,Willowdale East (51),43.7565041,-79.4065704,321
2012,D22,Shooting,2012-07-05T04:00:00.000Z,14,Islington-City Centre West (14),43.6490707,-79.5583496,322
2012,D43,Shooting,2012-07-16T04:00:00.000Z,136,West Hill (136),43.7648697,-79.1848831,323
2012,D43,Shooting,2012-07-16T04:00:00.000Z,136,West Hill (136),43.7648697,-79.1848831,324
2012,D12,Shooting,2012-07-17T04:00:00.000Z,115,Mount Dennis (115),43.6843834,-79.5042191,325
2012,D32,Shooting,2012-07-19T04:00:00.000Z,32,Englemount-Lawrence (32),43.7194862,-79.4439087,326
2012,D42,Other,2012-07-22T04:00:00.000Z,128,Agincourt South-Malvern West (128),43.7812233,-79.254982,327
2012,D31,Shooting,2012-08-01T04:00:00.000Z,24,Black Creek (24),43.7672119,-79.5147705,328
2012,D42,Other,2012-08-07T04:00:00.000Z,132,Malvern (132),43.8065376,-79.2186508,329
2012,D55,Other,2012-08-24T04:00:00.000Z,120,Clairlea-Birchmount (120),43.7279472,-79.2827606,330
2012,D42,Shooting,2012-09-08T04:00:00.000Z,132,Malvern (132),43.8083572,-79.2065353,331
2012,D55,Shooting,2012-09-08T04:00:00.000Z,62,East End-Danforth (62),43.6788864,-79.298027,332
2012,D23,Shooting,2012-09-16T04:00:00.000Z,25,Glenfield-Jane Heights (25),43.747097,-79.5151291,333
2012,D13,Other,2012-09-15T04:00:00.000Z,108,Briar Hill-Belgravia (108),43.7022552,-79.4411087,334
2012,D23,Shooting,2012-09-18T04:00:00.000Z,2,Mount Olive-Silverstone-Jamestown (2),43.7339706,-79.5826111,335
2012,D23,Shooting,2012-09-18T04:00:00.000Z,2,Mount Olive-Silverstone-Jamestown (2),43.7339706,-79.5826111,336
2012,D31,Shooting,2012-10-11T04:00:00.000Z,24,Black Creek (24),43.7578697,-79.5154648,337
2012,D43,Other,2012-10-17T04:00:00.000Z,137,Woburn (137),43.7757454,-79.234993,338
2012,D51,Stabbing,2012-10-23T04:00:00.000Z,71,Cabbagetown-South St.James Town (71),43.6645203,-79.3708878,339
2012,D43,Shooting,2012-10-28T04:00:00.000Z,135,Morningside (135),43.7858925,-79.213562,340
2012,D32,Shooting,2012-10-29T04:00:00.000Z,31,Yorkdale-Glen Park (31),43.7208595,-79.4493713,341
2012,D14,Stabbing,2012-10-29T04:00:00.000Z,85,South Parkdale (85),43.6369286,-79.4372711,342
2012,D12,Shooting,2012-10-30T04:00:00.000Z,115,Mount Dennis (115),43.6883087,-79.4931412,343
2012,D14,Shooting,2012-11-11T05:00:00.000Z,79,University (79),43.656723,-79.406517,344
2012,D23,Other,2012-11-12T05:00:00.000Z,2,Mount Olive-Silverstone-Jamestown (2),43.736351,-79.5810471,345
2012,D55,Other,2012-11-14T05:00:00.000Z,64,Woodbine Corridor (64),43.6796837,-79.3143005,346
2012,D54,Stabbing,2012-11-17T05:00:00.000Z,44,Flemingdon Park (44),43.7237015,-79.324707,347
2012,D31,Shooting,2012-12-02T05:00:00.000Z,26,Downsview-Roding-CFB (26),43.7335815,-79.4837265,348
2012,D53,Other,2012-07-02T04:00:00.000Z,67,Playter Estates-Danforth (67),43.6775246,-79.3586502,349
2012,D51,Stabbing,2012-12-20T05:00:00.000Z,74,North St.James Town (74),43.6672974,-79.3737793,350
2012,D22,Other,2012-07-03T04:00:00.000Z,12,Markland Wood (12),43.6332703,-79.582756,351
2012,D22,Shooting,2012-11-29T05:00:00.000Z,12,Markland Wood (12),43.6332703,-79.582756,352
2010,D41,Shooting,2010-07-06T04:00:00.000Z,127,Bendale (127),43.7559013,-79.2666626,353
2010,D52,Shooting,2010-07-10T04:00:00.000Z,78,Kensington-Chinatown (78),43.6522598,-79.397789,354
2010,D41,Stabbing,2010-07-14T04:00:00.000Z,127,Bendale (127),43.7552643,-79.2467575,355
2010,D54,Shooting,2010-07-13T04:00:00.000Z,44,Flemingdon Park (44),43.715313,-79.3296509,356
2010,D42,Shooting,2010-07-16T04:00:00.000Z,128,Agincourt South-Malvern West (128),43.7874107,-79.2591248,357
2010,D31,Shooting,2010-07-30T04:00:00.000Z,25,Glenfield-Jane Heights (25),43.7403259,-79.5068817,358
2010,D23,Shooting,2010-07-30T04:00:00.000Z,1,West Humber-Clairville (1),43.7316895,-79.6118164,359
2010,D54,Stabbing,2010-07-31T04:00:00.000Z,44,Flemingdon Park (44),43.7165565,-79.3373184,360
2010,D22,Shooting,2010-08-14T04:00:00.000Z,14,Islington-City Centre West (14),43.6467743,-79.5305557,361
2010,D51,Shooting,2010-08-14T04:00:00.000Z,74,North St.James Town (74),43.6688728,-79.3744507,362
2010,D32,Shooting,2010-08-24T04:00:00.000Z,32,Englemount-Lawrence (32),43.7226105,-79.441864,363
2010,D14,Stabbing,2010-08-27T04:00:00.000Z,83,Dufferin Grove (83),43.651432,-79.4401932,364
2010,D43,Shooting,2010-09-10T04:00:00.000Z,137,Woburn (137),43.7593193,-79.2320251,365
2010,D31,Shooting,2010-09-12T04:00:00.000Z,24,Black Creek (24),43.7619209,-79.5188217,366
2010,D23,Stabbing,2010-09-25T04:00:00.000Z,8,Humber Heights-Westmount (8),43.6868515,-79.5131454,367
2010,D51,Other,2010-08-29T04:00:00.000Z,90,Junction Area (90),43.6663361,-79.4735794,368
2010,D12,Shooting,2010-09-29T04:00:00.000Z,113,Weston (113),43.6998215,-79.5153656,369
2010,D12,Shooting,2010-09-29T04:00:00.000Z,113,Weston (113),43.6998215,-79.5153656,370
2010,D14,Shooting,2010-10-04T04:00:00.000Z,85,South Parkdale (85),43.6337547,-79.4333191,371
2010,D41,Other,2010-07-09T04:00:00.000Z,119,Wexford/Maryvale (119),43.7388,-79.3084641,372
2010,D31,Shooting,2010-10-04T04:00:00.000Z,24,Black Creek (24),43.7578697,-79.5154648,373
2010,D51,Shooting,2010-10-09T04:00:00.000Z,72,Regent Park (72),43.6603432,-79.3590775,374
2010,D51,Shooting,2010-10-09T04:00:00.000Z,72,Regent Park (72),43.6603432,-79.3590775,375
2010,D41,Shooting,2010-10-17T04:00:00.000Z,120,Clairlea-Birchmount (120),43.7024002,-79.2769928,376
2010,D51,Shooting,2010-10-25T04:00:00.000Z,72,Regent Park (72),43.6574554,-79.3627014,377
2010,D55,Stabbing,2010-10-27T04:00:00.000Z,70,South Riverdale (70),43.6636772,-79.3537521,378
2010,D32,Shooting,2010-11-17T05:00:00.000Z,37,Willowdale West (37),43.7717056,-79.4145813,379
2010,D33,Shooting,2010-11-20T05:00:00.000Z,47,Don Valley Village (47),43.7873497,-79.3530273,380
2010,D31,Shooting,2010-11-22T05:00:00.000Z,25,Glenfield-Jane Heights (25),43.7410774,-79.5034027,381
2010,D43,Shooting,2010-11-24T05:00:00.000Z,137,Woburn (137),43.7593193,-79.2320251,382
2010,D52,Other,2010-11-27T05:00:00.000Z,77,Waterfront Communities-The Island (77),43.6447487,-79.3917923,383
2010,D51,Shooting,2010-11-29T05:00:00.000Z,72,Regent Park (72),43.6612015,-79.3581619,384
2010,D55,Other,2010-12-02T05:00:00.000Z,62,East End-Danforth (62),43.6839523,-79.3001556,385
2010,D12,Shooting,2010-12-25T05:00:00.000Z,111,Rockcliffe-Smythe (111),43.6716728,-79.4937515,386
2010,D51,Other,2010-08-08T04:00:00.000Z,71,Cabbagetown-South St.James Town (71),43.6650581,-79.3683014,387
2010,D12,Other,2010-09-12T04:00:00.000Z,30,Brookhaven-Amesbury (30),43.6964302,-79.4901657,388
2010,D43,Other,2010-05-25T04:00:00.000Z,135,Morningside (135),43.7668037,-79.2067871,389
2013,D31,Stabbing,2013-01-01T05:00:00.000Z,27,York University Heights (27),43.7777214,-79.4946518,390
2013,D51,Shooting,2013-01-18T05:00:00.000Z,72,Regent Park (72),43.6603432,-79.3590775,391
2013,D23,Other,2013-01-19T05:00:00.000Z,7,Willowridge-Martingrove-Richview (7),43.6757164,-79.5684357,392
2013,D14,Other,2013-01-19T05:00:00.000Z,93,Dovercourt-Wallace Emerson-Junction (93),43.6698418,-79.4262848,393
2013,D33,Other,2013-02-02T05:00:00.000Z,47,Don Valley Village (47),43.7870178,-79.3569641,394
2013,D31,Shooting,2013-02-11T05:00:00.000Z,25,Glenfield-Jane Heights (25),43.7518196,-79.5168915,395
2013,D14,Shooting,2013-02-10T05:00:00.000Z,82,Niagara (82),43.6326866,-79.4249268,396
2013,D23,Shooting,2013-02-17T05:00:00.000Z,2,Mount Olive-Silverstone-Jamestown (2),43.7325096,-79.5864182,397
2013,D13,Stabbing,2013-03-04T05:00:00.000Z,109,Caledonia-Fairbank (109),43.6930275,-79.4552841,398
2013,D23,Other,2013-03-06T05:00:00.000Z,4,Rexdale-Kipling (4),43.7265511,-79.5702362,399
2013,D41,Other,2013-03-13T04:00:00.000Z,119,Wexford/Maryvale (119),43.743763,-79.3022003,400
2013,D51,Shooting,2013-03-21T04:00:00.000Z,71,Cabbagetown-South St.James Town (71),43.6633911,-79.3721619,401
2013,D14,Shooting,2013-03-28T04:00:00.000Z,77,Waterfront Communities-The Island (77),43.644455,-79.4000931,402
2013,D51,Other,2013-07-09T04:00:00.000Z,73,Moss Park (73),43.6582947,-79.3710327,403
2013,D32,Shooting,2013-03-30T04:00:00.000Z,31,Yorkdale-Glen Park (31),43.7247505,-79.4570847,404
2005,D14,Other,2005-11-05T05:00:00.000Z,86,Roncesvalles (86),43.6410294,-79.4345169,405
2005,D53,Other,2005-12-16T05:00:00.000Z,102,Forest Hill North (102),43.7071075,-79.426857,406
2005,D31,Shooting,2005-12-23T05:00:00.000Z,25,Glenfield-Jane Heights (25),43.7518578,-79.5166931,407
2005,D52,Shooting,2005-12-26T05:00:00.000Z,66,Danforth (66),43.6845245,-79.318222,408
2005,D32,Stabbing,2005-09-19T04:00:00.000Z,33,Clanton Park (33),43.7361107,-79.4400864,409
2005,D42,Other,2005-01-24T05:00:00.000Z,116,Steeles (116),43.8072166,-79.3321457,410
2006,D13,Shooting,2006-01-01T05:00:00.000Z,108,Briar Hill-Belgravia (108),43.6962624,-79.4476852,411
2006,D32,Other,2006-01-26T05:00:00.000Z,39,Bedford Park-Nortown (39),43.7351837,-79.4149246,412
2006,D31,Shooting,2006-02-06T05:00:00.000Z,25,Glenfield-Jane Heights (25),43.7450676,-79.5017548,413
2006,D42,Stabbing,2006-02-09T05:00:00.000Z,117,L'Amoreaux (117),43.7967033,-79.3303833,414
2006,D42,Stabbing,2006-02-09T05:00:00.000Z,117,L'Amoreaux (117),43.7967033,-79.3303833,415
2006,D42,Stabbing,2006-02-09T05:00:00.000Z,117,L'Amoreaux (117),43.7967033,-79.3303833,416
2006,D54,Stabbing,2006-02-08T05:00:00.000Z,44,Flemingdon Park (44),43.7165565,-79.3373184,417
2006,D54,Other,2006-03-02T05:00:00.000Z,61,Taylor-Massey (61),43.6928673,-79.2925186,418
2006,D43,Other,2006-03-04T05:00:00.000Z,134,Highland Creek (134),43.7927246,-79.1743927,419
2006,D31,Shooting,2006-03-12T05:00:00.000Z,22,Humbermede (22),43.7478828,-79.5452271,420
2006,D43,Shooting,2006-03-14T05:00:00.000Z,139,Scarborough Village (139),43.7431831,-79.2189102,421
2006,D51,Shooting,2006-03-20T05:00:00.000Z,74,North St.James Town (74),43.6672974,-79.3737793,422
2006,D12,Shooting,2006-03-27T05:00:00.000Z,115,Mount Dennis (115),43.6875725,-79.4909134,423
2006,D31,Shooting,2006-03-27T05:00:00.000Z,25,Glenfield-Jane Heights (25),43.7484741,-79.5071945,424
2006,D31,Other,2006-04-07T04:00:00.000Z,21,Humber Summit (21),43.7506523,-79.5490723,425
2006,D31,Stabbing,2006-04-20T04:00:00.000Z,26,Downsview-Roding-CFB (26),43.7296066,-79.4714661,426
2006,D33,Stabbing,2006-04-26T04:00:00.000Z,47,Don Valley Village (47),43.7809792,-79.3443222,427
2006,D54,Shooting,2006-04-29T04:00:00.000Z,44,Flemingdon Park (44),43.7190323,-79.3285294,428
2006,D22,Stabbing,2006-04-29T04:00:00.000Z,18,New Toronto (18),43.6015396,-79.5088959,429
2006,D54,Stabbing,2006-05-02T04:00:00.000Z,66,Danforth (66),43.6833687,-79.3236389,430
2006,D52,Stabbing,2006-05-15T04:00:00.000Z,78,Kensington-Chinatown (78),43.6522675,-79.3957214,431
2006,D54,Other,2006-05-17T04:00:00.000Z,61,Taylor-Massey (61),43.6925888,-79.2937241,432
2006,D13,Other,2006-05-26T04:00:00.000Z,106,Humewood-Cedarvale (106),43.6861954,-79.4208679,433
2006,D43,Shooting,2006-05-28T04:00:00.000Z,137,Woburn (137),43.7605743,-79.215683,434
2006,D12,Shooting,2006-06-03T04:00:00.000Z,113,Weston (113),43.6956444,-79.5065842,435
2006,D31,Stabbing,2006-06-03T04:00:00.000Z,26,Downsview-Roding-CFB (26),43.7428703,-79.4860001,436
2006,D31,Shooting,2006-06-12T04:00:00.000Z,28,Rustic (28),43.7165451,-79.5023117,437
2006,D12,Stabbing,2006-06-13T04:00:00.000Z,115,Mount Dennis (115),43.6879234,-79.4920197,438
2006,D31,Stabbing,2006-06-22T04:00:00.000Z,26,Downsview-Roding-CFB (26),43.7190781,-79.5081558,439
2006,D42,Shooting,2006-06-23T04:00:00.000Z,132,Malvern (132),43.8025093,-79.2244797,440
2006,D51,Other,2006-06-23T04:00:00.000Z,75,Church-Yonge Corridor (75),43.6667061,-79.3813629,441
2006,D51,Shooting,2006-06-26T04:00:00.000Z,77,Waterfront Communities-The Island (77),43.6472855,-79.3685532,442
2006,D12,Shooting,2006-07-02T04:00:00.000Z,90,Junction Area (90),43.6789017,-79.4740753,443
2006,D22,Shooting,2006-07-05T04:00:00.000Z,20,Alderwood (20),43.600853,-79.5448608,444
2006,D51,Shooting,2006-07-11T04:00:00.000Z,75,Church-Yonge Corridor (75),43.6548309,-79.3764572,445
2006,D42,Shooting,2006-07-12T04:00:00.000Z,131,Rouge (131),43.8298149,-79.2264557,446
2006,D12,Shooting,2006-07-12T04:00:00.000Z,115,Mount Dennis (115),43.6879234,-79.4920197,447
2006,D23,Stabbing,2006-07-14T04:00:00.000Z,1,West Humber-Clairville (1),43.7321815,-79.5920868,448
2006,D54,Stabbing,2006-07-15T04:00:00.000Z,54,O'Connor-Parkview (54),43.7138062,-79.3106232,449
2006,D52,Shooting,2006-07-17T04:00:00.000Z,54,O'Connor-Parkview (54),43.7138062,-79.3106232,450
2006,D54,Other,2006-06-02T04:00:00.000Z,66,Danforth (66),43.6822777,-79.3327179,451
2006,D42,Other,2006-07-27T04:00:00.000Z,132,Malvern (132),43.8078041,-79.2155991,452
2006,D11,Other,2006-08-05T04:00:00.000Z,85,South Parkdale (85),43.6387367,-79.4366074,453
2006,D52,Stabbing,2006-09-11T04:00:00.000Z,76,Bay Street Corridor (76),43.6585121,-79.3848953,454
2006,D52,Stabbing,2006-09-11T04:00:00.000Z,76,Bay Street Corridor (76),43.6585121,-79.3848953,455
2006,D42,Shooting,2006-09-14T04:00:00.000Z,117,L'Amoreaux (117),43.8006516,-79.3070679,456
2006,D43,Other,2006-09-17T04:00:00.000Z,137,Woburn (137),43.770462,-79.2403641,457
2006,D14,Shooting,2006-09-17T04:00:00.000Z,85,South Parkdale (85),43.6385841,-79.4291306,458
2006,D42,Stabbing,2006-09-17T04:00:00.000Z,116,Steeles (116),43.8073692,-79.3256378,459
2006,D41,Other,2006-09-21T04:00:00.000Z,122,Birchcliffe-Cliffside (122),43.7101784,-79.2564621,460
2006,D51,Other,2006-09-22T04:00:00.000Z,75,Church-Yonge Corridor (75),43.662899,-79.3837357,461
2006,D31,Shooting,2006-09-25T04:00:00.000Z,21,Humber Summit (21),43.7590561,-79.5691071,462
2006,D54,Shooting,2006-10-09T04:00:00.000Z,43,Victoria Village (43),43.7189102,-79.3044662,463
2006,D41,Other,2006-10-17T04:00:00.000Z,119,Wexford/Maryvale (119),43.7279434,-79.3004837,464
2006,D43,Stabbing,2006-10-21T04:00:00.000Z,134,Highland Creek (134),43.7892799,-79.1943588,465
2006,D22,Other,2006-10-27T04:00:00.000Z,16,Stonegate-Queensway (16),43.6277351,-79.4962692,466
2006,D51,Stabbing,2006-10-11T04:00:00.000Z,71,Cabbagetown-South St.James Town (71),43.6660957,-79.3641586,467
2006,D52,Shooting,2006-10-27T04:00:00.000Z,76,Bay Street Corridor (76),43.6486397,-79.3866196,468
2006,D54,Stabbing,2006-11-05T05:00:00.000Z,43,Victoria Village (43),43.7159882,-79.3049393,469
2006,D54,Stabbing,2006-11-05T05:00:00.000Z,43,Victoria Village (43),43.7159882,-79.3049393,470
2006,D42,Shooting,2006-11-14T05:00:00.000Z,132,Malvern (132),43.809391,-79.2286911,471
2006,D11,Other,2006-11-25T05:00:00.000Z,89,Runnymede-Bloor West Village (89),43.649334,-79.4844818,472
2006,D14,Shooting,2006-12-03T05:00:00.000Z,77,Waterfront Communities-The Island (77),43.6427383,-79.3939285,473
2006,D42,Other,2006-12-03T05:00:00.000Z,131,Rouge (131),43.796772,-79.1971359,474
2006,D51,Other,2006-12-20T05:00:00.000Z,72,Regent Park (72),43.6624184,-79.3586884,475
2006,D14,Shooting,2006-12-25T05:00:00.000Z,85,South Parkdale (85),43.6389618,-79.4273758,476
2006,D23,Stabbing,2006-12-26T05:00:00.000Z,4,Rexdale-Kipling (4),43.7257538,-79.5734711,477
2006,D31,Shooting,2006-12-27T05:00:00.000Z,24,Black Creek (24),43.7619209,-79.5188217,478
2006,D22,Other,2006-10-06T04:00:00.000Z,14,Islington-City Centre West (14),43.6473999,-79.5601501,479
2007,D42,Shooting,2007-01-01T05:00:00.000Z,132,Malvern (132),43.7999954,-79.2282181,480
2007,D54,Shooting,2007-01-11T05:00:00.000Z,44,Flemingdon Park (44),43.712368,-79.3244934,481
2007,D12,Other,2007-01-11T05:00:00.000Z,113,Weston (113),43.6998215,-79.5153656,482
2007,D42,Shooting,2007-01-14T05:00:00.000Z,128,Agincourt South-Malvern West (128),43.782032,-79.2683182,483
2007,D12,Stabbing,2007-01-20T05:00:00.000Z,111,Rockcliffe-Smythe (111),43.6780205,-79.4777756,484
2007,D43,Shooting,2007-02-04T05:00:00.000Z,123,Cliffcrest (123),43.7224388,-79.2279053,485
2007,D31,Stabbing,2007-02-14T05:00:00.000Z,26,Downsview-Roding-CFB (26),43.7255173,-79.5132065,486
2007,D41,Stabbing,2007-03-09T05:00:00.000Z,119,Wexford/Maryvale (119),43.7269974,-79.2914658,487
2007,D31,Shooting,2007-03-15T04:00:00.000Z,22,Humbermede (22),43.7487793,-79.5483704,488
2007,D13,Shooting,2007-03-17T04:00:00.000Z,107,Oakwood Village (107),43.6926575,-79.4408417,489
2007,D32,Other,2007-03-28T04:00:00.000Z,50,Newtonbrook East (50),43.7804794,-79.4123154,490
2007,D31,Stabbing,2007-04-02T04:00:00.000Z,25,Glenfield-Jane Heights (25),43.7518196,-79.5168915,491
2007,D51,Shooting,2007-04-04T04:00:00.000Z,71,Cabbagetown-South St.James Town (71),43.6681747,-79.3695602,492
2007,D22,Shooting,2007-04-05T04:00:00.000Z,2,Mount Olive-Silverstone-Jamestown (2),43.7536201,-79.5870972,493
2007,D43,Other,2007-04-06T04:00:00.000Z,137,Woburn (137),43.7622032,-79.2262497,494
2007,D32,Stabbing,2007-04-09T04:00:00.000Z,34,Bathurst Manor (34),43.7551231,-79.4405365,495
2007,D43,Shooting,2007-04-12T04:00:00.000Z,68,North Riverdale (68),43.6650505,-79.3543396,496
2007,D41,Stabbing,2007-04-13T04:00:00.000Z,125,Ionview (125),43.7333374,-79.2632904,497
2007,D31,Shooting,2007-04-21T04:00:00.000Z,26,Downsview-Roding-CFB (26),43.7166977,-79.5276794,498
2007,D54,Stabbing,2007-04-22T04:00:00.000Z,67,Playter Estates-Danforth (67),43.6777954,-79.3507462,499
2007,D51,Other,2007-04-29T04:00:00.000Z,98,Rosedale-Moore Park (98),43.6702271,-79.3867874,500
2007,D42,Shooting,2007-05-09T04:00:00.000Z,131,Rouge (131),43.8042831,-79.1794968,501
2007,D23,Other,2007-05-14T04:00:00.000Z,5,Elms-Old Rexdale (5),43.7267418,-79.5520859,502
2007,D53,Shooting,2007-05-18T04:00:00.000Z,99,Mount Pleasant East (99),43.7084122,-79.3901978,503
2007,D31,Shooting,2007-05-21T04:00:00.000Z,22,Humbermede (22),43.7417984,-79.5401306,504
2007,D31,Shooting,2007-05-23T04:00:00.000Z,42,Banbury-Don Mills (42),43.7518005,-79.3495636,505
2007,D14,Shooting,2007-05-20T04:00:00.000Z,78,Kensington-Chinatown (78),43.6496735,-79.4013138,506
2014,D14,Other,2014-12-15T05:00:00.000Z,84,Little Portugal (84),43.6430168,-79.4247971,507
2015,D51,Stabbing,2015-01-10T05:00:00.000Z,71,Cabbagetown-South St.James Town (71),43.6624222,-79.3767166,508
2015,D32,Stabbing,2015-01-17T05:00:00.000Z,50,Newtonbrook East (50),43.7813377,-79.412674,509
2015,D32,Shooting,2015-01-27T05:00:00.000Z,31,Yorkdale-Glen Park (31),43.7208595,-79.4493713,510
2015,D14,Shooting,2015-01-31T05:00:00.000Z,78,Kensington-Chinatown (78),43.6523132,-79.4060211,511
2015,D41,Other,2015-02-04T05:00:00.000Z,120,Clairlea-Birchmount (120),43.7125587,-79.262207,512
2015,D55,Shooting,2015-02-28T05:00:00.000Z,66,Danforth (66),43.6839447,-79.3208923,513
2015,D55,Shooting,2015-02-28T05:00:00.000Z,66,Danforth (66),43.6839447,-79.3208923,514
2015,D23,Shooting,2015-03-17T04:00:00.000Z,6,Kingsview Village-The Westway (6),43.7013283,-79.5486755,515
2015,D23,Stabbing,2015-03-21T04:00:00.000Z,7,Willowridge-Martingrove-Richview (7),43.676342,-79.5704117,516
2015,D22,Other,2015-03-18T04:00:00.000Z,17,Mimico (includes Humber Bay Shores) (17),43.6205139,-79.4832687,517
2015,D23,Shooting,2015-03-30T04:00:00.000Z,2,Mount Olive-Silverstone-Jamestown (2),43.7325096,-79.5864182,518
2015,D13,Other,2015-04-14T04:00:00.000Z,92,Corso Italia-Davenport (92),43.6784363,-79.4408569,519
2015,D41,Stabbing,2015-04-23T04:00:00.000Z,122,Birchcliffe-Cliffside (122),43.6922798,-79.263382,520
2015,D54,Other,2015-04-09T04:00:00.000Z,61,Taylor-Massey (61),43.6951332,-79.3034821,521
2015,D43,Stabbing,2015-05-08T04:00:00.000Z,136,West Hill (136),43.7648697,-79.1848831,522
2015,D54,Shooting,2015-05-19T04:00:00.000Z,66,Danforth (66),43.6831207,-79.3247681,523
2015,D11,Other,2015-05-17T04:00:00.000Z,93,Dovercourt-Wallace Emerson-Junction (93),43.6651268,-79.454155,524
2015,D11,Shooting,2015-05-20T04:00:00.000Z,93,Dovercourt-Wallace Emerson-Junction (93),43.6597824,-79.4477463,525
2015,D43,Stabbing,2015-05-25T04:00:00.000Z,137,Woburn (137),43.7577248,-79.2352676,526
2015,D43,Shooting,2015-06-01T04:00:00.000Z,137,Woburn (137),43.7577248,-79.2352676,527
2015,D54,Stabbing,2015-05-30T04:00:00.000Z,60,Woodbine-Lumsden (60),43.6894798,-79.3124084,528
2015,D51,Stabbing,2015-06-03T04:00:00.000Z,75,Church-Yonge Corridor (75),43.6516953,-79.3789825,529
2015,D12,Other,2015-06-12T04:00:00.000Z,111,Rockcliffe-Smythe (111),43.6716728,-79.4937515,530
2015,D14,Shooting,2015-06-28T04:00:00.000Z,84,Little Portugal (84),43.6411324,-79.4237289,531
2015,D14,Shooting,2015-06-28T04:00:00.000Z,84,Little Portugal (84),43.6411324,-79.4237289,532
2015,D43,Stabbing,2015-07-12T04:00:00.000Z,123,Cliffcrest (123),43.729393,-79.2297287,533
2015,D13,Other,2015-07-10T04:00:00.000Z,93,Dovercourt-Wallace Emerson-Junction (93),43.6688118,-79.4472961,534
2015,D51,Stabbing,2015-08-03T04:00:00.000Z,74,North St.James Town (74),43.6713562,-79.3723221,535
2015,D14,Shooting,2015-08-04T04:00:00.000Z,82,Niagara (82),43.6326866,-79.4249268,536
2015,D14,Shooting,2015-08-04T04:00:00.000Z,82,Niagara (82),43.6326866,-79.4249268,537
2015,D12,Stabbing,2015-08-07T04:00:00.000Z,91,Weston-Pellam Park (91),43.6765747,-79.4638901,538
2015,D52,Shooting,2015-08-09T04:00:00.000Z,76,Bay Street Corridor (76),43.6543198,-79.3832016,539
2015,D51,Shooting,2015-08-19T04:00:00.000Z,73,Moss Park (73),43.6582947,-79.3710327,540
2015,D12,Shooting,2015-08-19T04:00:00.000Z,28,Rustic (28),43.714138,-79.5041122,541
2015,D23,Shooting,2015-07-09T04:00:00.000Z,2,Mount Olive-Silverstone-Jamestown (2),43.7325096,-79.5864182,542
2015,D12,Stabbing,2015-09-06T04:00:00.000Z,111,Rockcliffe-Smythe (111),43.6782417,-79.4997559,543
2015,D43,Stabbing,2015-09-12T04:00:00.000Z,136,West Hill (136),43.7661514,-79.196434,544
2015,D43,Stabbing,2015-09-22T04:00:00.000Z,135,Morningside (135),43.7895508,-79.2120667,545
2015,D43,Shooting,2015-10-01T04:00:00.000Z,134,Highland Creek (134),43.7921066,-79.1568756,546
2015,D23,Shooting,2015-10-17T04:00:00.000Z,1,West Humber-Clairville (1),43.6867599,-79.5955658,547
2015,D51,Shooting,2015-10-31T04:00:00.000Z,75,Church-Yonge Corridor (75),43.6686325,-79.386116,548
2015,D53,Shooting,2015-11-04T05:00:00.000Z,56,Leaside-Bennington (56),43.717308,-79.3592606,549
2015,D55,Other,2015-11-10T05:00:00.000Z,64,Woodbine Corridor (64),43.680378,-79.3119049,550
2015,D41,Other,2015-11-10T05:00:00.000Z,120,Clairlea-Birchmount (120),43.7132149,-79.2738876,551
2015,D51,Stabbing,2015-11-13T05:00:00.000Z,74,North St.James Town (74),43.6672974,-79.3737793,552
2015,D42,Stabbing,2015-11-13T05:00:00.000Z,118,Tam O'Shanter-Sullivan (118),43.776722,-79.3086395,553
2015,D23,Shooting,2015-11-17T05:00:00.000Z,1,West Humber-Clairville (1),43.7318459,-79.6040955,554
2015,D23,Shooting,2015-11-30T05:00:00.000Z,3,Thistletown-Beaumond Heights (3),43.7432671,-79.5821152,555
2015,D52,Shooting,2015-12-11T05:00:00.000Z,77,Waterfront Communities-The Island (77),43.6465149,-79.3939362,556
2015,D33,Shooting,2015-12-11T05:00:00.000Z,47,Don Valley Village (47),43.7762108,-79.341011,557
2015,D51,Stabbing,2015-12-15T05:00:00.000Z,75,Church-Yonge Corridor (75),43.6606712,-79.3788757,558
2015,D31,Shooting,2015-12-15T05:00:00.000Z,21,Humber Summit (21),43.7559776,-79.5720749,559
2015,D52,Stabbing,2015-12-11T05:00:00.000Z,76,Bay Street Corridor (76),43.6473351,-79.3797302,560
2015,D41,Other,2015-11-28T05:00:00.000Z,121,Oakridge (121),43.6969986,-79.2854004,561
2015,D13,Other,2015-12-20T05:00:00.000Z,106,Humewood-Cedarvale (106),43.6861954,-79.4208679,562
2015,D53,Other,2015-12-30T05:00:00.000Z,104,Mount Pleasant West (104),43.7017975,-79.3973465,563
2016,D54,Shooting,2016-01-04T05:00:00.000Z,61,Taylor-Massey (61),43.6931458,-79.2912979,564
2016,D32,Other,2016-01-17T05:00:00.000Z,50,Newtonbrook East (50),43.7965355,-79.4104843,565
2016,D22,Shooting,2016-01-20T05:00:00.000Z,10,Princess-Rosethorn (10),43.6719971,-79.5434952,566
2016,D42,Shooting,2016-01-20T05:00:00.000Z,117,L'Amoreaux (117),43.7981796,-79.3331299,567
2016,D22,Shooting,2016-01-19T05:00:00.000Z,18,New Toronto (18),43.5997925,-79.5097122,568
2016,D43,Shooting,2016-01-24T05:00:00.000Z,127,Bendale (127),43.7716827,-79.2536545,569
2016,D13,Shooting,2016-01-29T05:00:00.000Z,31,Yorkdale-Glen Park (31),43.7082405,-79.4658127,570
2016,D14,Shooting,2016-01-31T05:00:00.000Z,78,Kensington-Chinatown (78),43.6558533,-79.399231,571
2016,D23,Other,2016-01-30T05:00:00.000Z,2,Mount Olive-Silverstone-Jamestown (2),43.736351,-79.5810471,572
2016,D14,Shooting,2016-01-31T05:00:00.000Z,78,Kensington-Chinatown (78),43.6558533,-79.399231,573
2016,D22,Stabbing,2016-02-03T05:00:00.000Z,13,Etobicoke West Mall (13),43.6523972,-79.5722122,574
2016,D54,Other,2016-02-07T05:00:00.000Z,43,Victoria Village (43),43.7159882,-79.3049393,575
2016,D12,Stabbing,2016-02-09T05:00:00.000Z,28,Rustic (28),43.7028809,-79.5038376,576
2016,D41,Stabbing,2016-02-27T05:00:00.000Z,120,Clairlea-Birchmount (120),43.7064896,-79.2894745,577
2016,D23,Shooting,2016-02-28T05:00:00.000Z,8,Humber Heights-Westmount (8),43.692627,-79.5174942,578
2016,D11,Shooting,2016-02-29T05:00:00.000Z,139,Scarborough Village (139),43.7450218,-79.219696,579
2016,D43,Other,2016-02-22T05:00:00.000Z,139,Scarborough Village (139),43.7443428,-79.213768,580
2016,D52,Other,2016-03-04T05:00:00.000Z,78,Kensington-Chinatown (78),43.6524124,-79.3906631,581
2016,D42,Shooting,2016-03-20T04:00:00.000Z,117,L'Amoreaux (117),43.7971191,-79.3051605,582
2016,D12,Other,2016-03-22T04:00:00.000Z,23,Pelmo Park-Humberlea (23),43.7152748,-79.5108109,583
2016,D55,Shooting,2016-03-23T04:00:00.000Z,70,South Riverdale (70),43.6622849,-79.3405991,584
2016,D51,Shooting,2016-04-02T04:00:00.000Z,72,Regent Park (72),43.6556168,-79.3644638,585
2016,D31,Other,2016-04-09T04:00:00.000Z,27,York University Heights (27),43.7489891,-79.4948578,586
2016,D53,Shooting,2016-04-13T04:00:00.000Z,98,Rosedale-Moore Park (98),43.6702271,-79.3867874,587
2016,D22,Shooting,2016-04-14T04:00:00.000Z,17,Mimico (includes Humber Bay Shores) (17),43.6117668,-79.4965363,588
2016,D54,Shooting,2016-04-17T04:00:00.000Z,66,Danforth (66),43.6831207,-79.3247681,589
2016,D41,Shooting,2016-04-29T04:00:00.000Z,119,Wexford/Maryvale (119),43.7584152,-79.3129272,590
2016,D41,Shooting,2016-04-29T04:00:00.000Z,119,Wexford/Maryvale (119),43.7584152,-79.3129272,591
2016,D23,Shooting,2016-05-15T04:00:00.000Z,2,Mount Olive-Silverstone-Jamestown (2),43.7320251,-79.5894241,592
2016,D51,Other,2016-05-18T04:00:00.000Z,75,Church-Yonge Corridor (75),43.6673737,-79.3816376,593
2016,D12,Other,2016-04-17T04:00:00.000Z,113,Weston (113),43.705143,-79.5294037,594
2016,D31,Shooting,2016-06-03T04:00:00.000Z,22,Humbermede (22),43.7427292,-79.5403366,595
2016,D53,Shooting,2016-06-07T04:00:00.000Z,104,Mount Pleasant West (104),43.7045708,-79.3967972,596
2016,D14,Shooting,2016-07-01T04:00:00.000Z,79,University (79),43.6572113,-79.4040756,597
2016,D14,Shooting,2016-07-01T04:00:00.000Z,79,University (79),43.6572113,-79.4040756,598
2016,D11,Other,2016-07-03T04:00:00.000Z,84,Little Portugal (84),43.6491318,-79.4379425,599
2016,D31,Shooting,2016-07-13T04:00:00.000Z,25,Glenfield-Jane Heights (25),43.7378082,-79.520134,600
2016,D51,Other,2016-07-18T04:00:00.000Z,73,Moss Park (73),43.6504669,-79.3719101,601
2016,D41,Shooting,2016-07-28T04:00:00.000Z,127,Bendale (127),43.7529755,-79.2580719,602
2016,D51,Stabbing,2016-07-29T04:00:00.000Z,75,Church-Yonge Corridor (75),43.6694145,-79.3824921,603
2016,D55,Other,2016-08-09T04:00:00.000Z,69,Blake-Jones (69),43.6771507,-79.334877,604
2016,D51,Other,2016-08-15T04:00:00.000Z,73,Moss Park (73),43.6573067,-79.3734589,605
2016,D51,Other,2016-04-19T04:00:00.000Z,68,North Riverdale (68),43.6661606,-79.3529129,606
2016,D14,Shooting,2016-08-21T04:00:00.000Z,82,Niagara (82),43.6419144,-79.4127045,607
2016,D43,Other,2016-08-25T04:00:00.000Z,139,Scarborough Village (139),43.7395859,-79.2228241,608
2004,D51,Shooting,2004-07-24T04:00:00.000Z,73,Moss Park (73),43.6506844,-79.3666916,609
2004,D11,Other,2004-08-05T04:00:00.000Z,93,Dovercourt-Wallace Emerson-Junction (93),43.6633224,-79.453392,610
2004,D31,Stabbing,2004-08-18T04:00:00.000Z,28,Rustic (28),43.7028809,-79.5038376,611
2004,D13,Stabbing,2004-08-19T04:00:00.000Z,108,Briar Hill-Belgravia (108),43.7022552,-79.4411087,612
2004,D42,Shooting,2004-08-30T04:00:00.000Z,134,Highland Creek (134),43.7938499,-79.1577835,613
2004,D51,Other,2004-08-30T04:00:00.000Z,73,Moss Park (73),43.6523514,-79.3727188,614
2004,D31,Stabbing,2004-08-31T04:00:00.000Z,21,Humber Summit (21),43.7506523,-79.5490723,615
2004,D23,Shooting,2004-09-05T04:00:00.000Z,6,Kingsview Village-The Westway (6),43.7006416,-79.5614395,616
2004,D23,Shooting,2004-09-21T04:00:00.000Z,1,West Humber-Clairville (1),43.732193,-79.6142731,617
2004,D11,Other,2004-09-22T04:00:00.000Z,27,York University Heights (27),43.7453308,-79.4924011,618
2004,D55,Other,2004-10-08T04:00:00.000Z,70,South Riverdale (70),43.6605644,-79.3372726,619
2004,D31,Shooting,2004-10-15T04:00:00.000Z,28,Rustic (28),43.7112694,-79.5005493,620
2004,D53,Other,2004-10-27T04:00:00.000Z,99,Mount Pleasant East (99),43.7010231,-79.3785858,621
2004,D13,Other,2004-11-12T05:00:00.000Z,92,Corso Italia-Davenport (92),43.6763077,-79.4505997,622
2004,D14,Stabbing,2004-12-01T05:00:00.000Z,93,Dovercourt-Wallace Emerson-Junction (93),43.6693077,-79.4287186,623
2004,D14,Stabbing,2004-12-01T05:00:00.000Z,93,Dovercourt-Wallace Emerson-Junction (93),43.6693077,-79.4287186,624
2004,D42,Other,2004-12-02T05:00:00.000Z,133,Centennial Scarborough (133),43.7816315,-79.1699524,625
2004,D54,Stabbing,2004-12-03T05:00:00.000Z,58,Old East York (58),43.6959457,-79.3287811,626
2004,D11,Other,2004-10-21T04:00:00.000Z,88,High Park North (88),43.6518822,-79.4728699,627
2004,D33,Stabbing,2004-12-11T05:00:00.000Z,40,St.Andrew-Windfields (40),43.7521515,-79.3849716,628
2004,D14,Stabbing,2004-12-11T05:00:00.000Z,79,University (79),43.6576538,-79.4018478,629
2004,D54,Stabbing,2004-12-12T05:00:00.000Z,54,O'Connor-Parkview (54),43.7083473,-79.3106537,630
2004,D51,Shooting,2004-12-19T05:00:00.000Z,75,Church-Yonge Corridor (75),43.6606712,-79.3788757,631
2004,D41,Shooting,2004-12-19T05:00:00.000Z,124,Kennedy Park (124),43.730751,-79.2565155,632
2004,D54,Shooting,2004-12-20T05:00:00.000Z,44,Flemingdon Park (44),43.7122536,-79.3292923,633
2004,D42,Stabbing,2004-12-31T05:00:00.000Z,123,Cliffcrest (123),43.7353821,-79.2359161,634
2004,D42,Other,2004-07-12T04:00:00.000Z,132,Malvern (132),43.7918816,-79.2360611,635
2004,D31,Shooting,2004-05-22T04:00:00.000Z,29,Maple Leaf (29),43.7147217,-79.4794617,636
2005,D42,Stabbing,2005-01-14T05:00:00.000Z,130,Milliken (130),43.8273811,-79.2652435,637
2005,D14,Stabbing,2005-01-18T05:00:00.000Z,93,Dovercourt-Wallace Emerson-Junction (93),43.6653824,-79.4244614,638
2005,D14,Shooting,2005-01-21T05:00:00.000Z,82,Niagara (82),43.64291,-79.4077148,639
2005,D14,Shooting,2005-01-21T05:00:00.000Z,82,Niagara (82),43.64291,-79.4077148,640
2005,D33,Shooting,2005-02-11T05:00:00.000Z,126,Dorset Park (126),43.7694244,-79.2822571,641
2005,D12,Other,2005-02-11T05:00:00.000Z,91,Weston-Pellam Park (91),43.6703377,-79.4557953,642
2005,D23,Shooting,2005-02-12T05:00:00.000Z,2,Mount Olive-Silverstone-Jamestown (2),43.7536201,-79.5870972,643
2005,D41,Shooting,2005-02-15T05:00:00.000Z,126,Dorset Park (126),43.7694244,-79.2822571,644
2005,D51,Shooting,2005-02-15T05:00:00.000Z,74,North St.James Town (74),43.6672974,-79.3737793,645
2005,D22,Other,2005-02-18T05:00:00.000Z,17,Mimico (includes Humber Bay Shores) (17),43.6132851,-79.4918747,646
2005,D32,Shooting,2005-02-28T05:00:00.000Z,36,Newtonbrook West (36),43.7859192,-79.4460526,647
2005,D33,Shooting,2005-03-05T05:00:00.000Z,42,Banbury-Don Mills (42),43.7409859,-79.356308,648
2005,D22,Stabbing,2005-03-11T05:00:00.000Z,16,Stonegate-Queensway (16),43.6239204,-79.4982376,649
2005,D51,Shooting,2005-03-25T05:00:00.000Z,75,Church-Yonge Corridor (75),43.6618767,-79.3793716,650
2005,D41,Shooting,2005-04-13T04:00:00.000Z,122,Birchcliffe-Cliffside (122),43.6853142,-79.2812576,651
2005,D11,Shooting,2005-04-18T04:00:00.000Z,85,South Parkdale (85),43.6371803,-79.4360352,652
2005,D52,Other,2005-04-19T04:00:00.000Z,77,Waterfront Communities-The Island (77),43.6423912,-79.3840103,653
2005,D31,Shooting,2005-04-24T04:00:00.000Z,21,Humber Summit (21),43.751442,-79.5529861,654
2005,D42,Stabbing,2005-05-04T04:00:00.000Z,129,Agincourt North (129),43.8078117,-79.2841568,655
2005,D14,Shooting,2005-05-05T04:00:00.000Z,93,Dovercourt-Wallace Emerson-Junction (93),43.6598854,-79.4353638,656
2005,D31,Stabbing,2005-05-05T04:00:00.000Z,25,Glenfield-Jane Heights (25),43.7552147,-79.515358,657
2005,D54,Shooting,2005-05-08T04:00:00.000Z,66,Danforth (66),43.6795692,-79.341774,658
2005,D51,Shooting,2005-05-14T04:00:00.000Z,75,Church-Yonge Corridor (75),43.6673737,-79.3816376,659
2005,D41,Shooting,2005-05-15T04:00:00.000Z,128,Agincourt South-Malvern West (128),43.7841072,-79.2416306,660
2005,D42,Shooting,2005-05-18T04:00:00.000Z,136,West Hill (136),43.7581673,-79.1930542,661
2005,D31,Stabbing,2005-05-27T04:00:00.000Z,25,Glenfield-Jane Heights (25),43.7396736,-79.5096817,662
2005,D55,Shooting,2005-06-12T04:00:00.000Z,62,East End-Danforth (62),43.6897202,-79.2949219,663
2005,D31,Shooting,2005-06-24T04:00:00.000Z,24,Black Creek (24),43.7667732,-79.5218735,664
2005,D32,Stabbing,2005-06-25T04:00:00.000Z,32,Englemount-Lawrence (32),43.7201309,-79.4410248,665
2005,D14,Shooting,2005-06-29T04:00:00.000Z,93,Dovercourt-Wallace Emerson-Junction (93),43.6664314,-79.4381866,666
2005,D23,Shooting,2005-07-06T04:00:00.000Z,21,Humber Summit (21),43.7462502,-79.5686188,667
2005,D41,Other,2005-07-17T04:00:00.000Z,121,Oakridge (121),43.6946259,-79.2725296,668
2005,D12,Shooting,2005-07-19T04:00:00.000Z,111,Rockcliffe-Smythe (111),43.6788063,-79.4829025,669
2005,D33,Other,2005-07-20T04:00:00.000Z,45,Parkwoods-Donalda (45),43.7433739,-79.3258514,670
2005,D42,Other,2005-07-15T04:00:00.000Z,136,West Hill (136),43.769825,-79.1916809,671
2005,D31,Shooting,2005-07-30T04:00:00.000Z,32,Englemount-Lawrence (32),43.7201309,-79.4410248,672
2005,D42,Shooting,2005-07-30T04:00:00.000Z,117,L'Amoreaux (117),43.7967758,-79.3157654,673
2005,D52,Shooting,2005-07-31T04:00:00.000Z,75,Church-Yonge Corridor (75),43.6574173,-79.3813705,674
2005,D23,Shooting,2005-08-03T04:00:00.000Z,2,Mount Olive-Silverstone-Jamestown (2),43.7339706,-79.5826111,675
2005,D42,Shooting,2005-08-05T04:00:00.000Z,117,L'Amoreaux (117),43.7981796,-79.3331299,676
2005,D51,Shooting,2005-08-07T04:00:00.000Z,71,Cabbagetown-South St.James Town (71),43.665741,-79.3755188,677
2005,D51,Shooting,2005-08-07T04:00:00.000Z,71,Cabbagetown-South St.James Town (71),43.665741,-79.3755188,678
2005,D23,Shooting,2005-08-13T04:00:00.000Z,8,Humber Heights-Westmount (8),43.6958237,-79.5205917,679
2005,D51,Shooting,2005-08-15T04:00:00.000Z,74,North St.James Town (74),43.6670952,-79.3746796,680
2005,D54,Shooting,2005-08-16T04:00:00.000Z,44,Flemingdon Park (44),43.7187347,-79.3349533,681
2005,D41,Other,2005-08-18T04:00:00.000Z,127,Bendale (127),43.7581253,-79.2666245,682
2005,D22,Other,2005-08-20T04:00:00.000Z,18,New Toronto (18),43.6030045,-79.5074844,683
2005,D42,Shooting,2005-08-25T04:00:00.000Z,139,Scarborough Village (139),43.742836,-79.2205582,684
2005,D31,Shooting,2005-08-30T04:00:00.000Z,25,Glenfield-Jane Heights (25),43.7391281,-79.5095215,685
2005,D51,Other,2005-08-31T04:00:00.000Z,73,Moss Park (73),43.6561661,-79.3701248,686
2005,D33,Stabbing,2005-09-06T04:00:00.000Z,42,Banbury-Don Mills (42),43.7402763,-79.3436584,687
2005,D31,Shooting,2005-09-08T04:00:00.000Z,28,Rustic (28),43.7049217,-79.5022736,688
2005,D14,Shooting,2005-09-09T04:00:00.000Z,82,Niagara (82),43.6352386,-79.3992004,689
2005,D31,Shooting,2005-09-10T04:00:00.000Z,24,Black Creek (24),43.7672119,-79.5147705,690
2005,D31,Shooting,2005-09-13T04:00:00.000Z,25,Glenfield-Jane Heights (25),43.7518959,-79.5163422,691
2005,D14,Shooting,2005-09-16T04:00:00.000Z,85,South Parkdale (85),43.6374626,-79.4347229,692
2005,D23,Shooting,2005-09-16T04:00:00.000Z,5,Elms-Old Rexdale (5),43.7272911,-79.5493622,693
2005,D23,Shooting,2005-09-16T04:00:00.000Z,5,Elms-Old Rexdale (5),43.7272911,-79.5493622,694
2005,D23,Shooting,2005-09-16T04:00:00.000Z,5,Elms-Old Rexdale (5),43.7272911,-79.5493622,695
2005,D54,Other,2005-09-22T04:00:00.000Z,58,Old East York (58),43.6945457,-79.3352661,696
2005,D42,Stabbing,2005-10-01T04:00:00.000Z,136,West Hill (136),43.7703972,-79.1626282,697
2005,D23,Shooting,2005-10-22T04:00:00.000Z,2,Mount Olive-Silverstone-Jamestown (2),43.7386971,-79.5885315,698
2005,D23,Shooting,2005-10-23T04:00:00.000Z,2,Mount Olive-Silverstone-Jamestown (2),43.7367744,-79.5917053,699
2005,D23,Shooting,2005-10-23T04:00:00.000Z,2,Mount Olive-Silverstone-Jamestown (2),43.7367744,-79.5917053,700
2005,D42,Shooting,2005-11-01T05:00:00.000Z,117,L'Amoreaux (117),43.7981796,-79.3331299,701
2005,D13,Shooting,2005-11-09T05:00:00.000Z,108,Briar Hill-Belgravia (108),43.6973038,-79.4427948,702
2005,D32,Stabbing,2005-11-12T05:00:00.000Z,51,Willowdale East (51),43.7565041,-79.4065704,703
2005,D12,Shooting,2005-11-14T05:00:00.000Z,91,Weston-Pellam Park (91),43.6807251,-79.4636307,704
2005,D23,Shooting,2005-11-18T05:00:00.000Z,2,Mount Olive-Silverstone-Jamestown (2),43.741787,-79.5933151,705
2005,D54,Other,2005-11-02T05:00:00.000Z,54,O'Connor-Parkview (54),43.7153091,-79.3015747,706
2005,D41,Stabbing,2005-11-26T05:00:00.000Z,126,Dorset Park (126),43.7454643,-79.2779083,707
2005,D11,Shooting,2005-11-29T05:00:00.000Z,93,Dovercourt-Wallace Emerson-Junction (93),43.6595802,-79.4486847,708
2005,D31,Other,2005-01-26T05:00:00.000Z,24,Black Creek (24),43.7732086,-79.5214233,709
2005,D31,Shooting,2005-12-01T05:00:00.000Z,21,Humber Summit (21),43.7729378,-79.5438232,710
2007,D55,Other,2007-05-26T04:00:00.000Z,73,Moss Park (73),43.6515694,-79.3627396,711
2007,D33,Stabbing,2007-06-05T04:00:00.000Z,45,Parkwoods-Donalda (45),43.7599258,-79.3187103,712
2007,D23,Shooting,2007-06-09T04:00:00.000Z,3,Thistletown-Beaumond Heights (3),43.735508,-79.5783081,713
2007,D14,Other,2007-05-30T04:00:00.000Z,78,Kensington-Chinatown (78),43.6529465,-79.3980484,714
2007,D13,Other,2007-06-17T04:00:00.000Z,109,Caledonia-Fairbank (109),43.6892853,-79.4592743,715
2007,D43,Other,2007-05-08T04:00:00.000Z,135,Morningside (135),43.7826042,-79.2049789,716
2007,D42,Stabbing,2007-06-25T04:00:00.000Z,131,Rouge (131),43.8228722,-79.2179184,717
2013,D42,Other,2013-02-06T05:00:00.000Z,116,Steeles (116),43.815731,-79.3334808,718
2007,D51,Stabbing,2007-06-29T04:00:00.000Z,72,Regent Park (72),43.6594429,-79.3660126,719
2007,D42,Shooting,2007-07-04T04:00:00.000Z,131,Rouge (131),43.7976494,-79.1538544,720
2007,D43,Stabbing,2007-07-07T04:00:00.000Z,136,West Hill (136),43.7620163,-79.1947403,721
2007,D32,Shooting,2007-07-03T04:00:00.000Z,31,Yorkdale-Glen Park (31),43.7208595,-79.4493713,722
2007,D43,Stabbing,2007-07-17T04:00:00.000Z,137,Woburn (137),43.7795486,-79.2329788,723
2007,D13,Shooting,2007-07-21T04:00:00.000Z,107,Oakwood Village (107),43.6922646,-79.4406357,724
2007,D31,Shooting,2007-07-22T04:00:00.000Z,25,Glenfield-Jane Heights (25),43.7410774,-79.5034027,725
2007,D51,Shooting,2007-07-22T04:00:00.000Z,74,North St.James Town (74),43.6688728,-79.3744507,726
2007,D52,Shooting,2007-07-22T04:00:00.000Z,77,Waterfront Communities-The Island (77),43.648201,-79.3886795,727
2007,D42,Shooting,2007-07-28T04:00:00.000Z,131,Rouge (131),43.8184433,-79.2119064,728
2007,D11,Other,2007-07-28T04:00:00.000Z,90,Junction Area (90),43.6654053,-79.4645615,729
2007,D23,Shooting,2007-07-30T04:00:00.000Z,1,West Humber-Clairville (1),43.7337761,-79.5935364,730
2007,D43,Stabbing,2007-07-29T04:00:00.000Z,138,Eglinton East (138),43.7388573,-79.2383575,731
2007,D51,Shooting,2007-08-04T04:00:00.000Z,71,Cabbagetown-South St.James Town (71),43.6629715,-79.3623352,732
2007,D14,Stabbing,2007-08-09T04:00:00.000Z,81,Trinity-Bellwoods (81),43.6457024,-79.4114838,733
2007,D53,Stabbing,2007-08-22T04:00:00.000Z,55,Thorncliffe Park (55),43.7032127,-79.3466263,734
2007,D22,Stabbing,2007-02-22T05:00:00.000Z,14,Islington-City Centre West (14),43.6415215,-79.555687,735
2007,D11,Shooting,2007-08-26T04:00:00.000Z,121,Oakridge (121),43.6939468,-79.2840805,736
2007,D41,Other,2007-08-22T04:00:00.000Z,123,Cliffcrest (123),43.7279854,-79.2291183,737
2007,D42,Other,2007-08-31T04:00:00.000Z,129,Agincourt North (129),43.8050919,-79.2834015,738
2007,D41,Stabbing,2007-09-11T04:00:00.000Z,126,Dorset Park (126),43.7481804,-79.2814407,739
2007,D13,Other,2007-09-07T04:00:00.000Z,107,Oakwood Village (107),43.6830559,-79.4415131,740
2007,D31,Shooting,2007-08-16T04:00:00.000Z,24,Black Creek (24),43.7688293,-79.520401,741
2007,D31,Other,2007-09-11T04:00:00.000Z,28,Rustic (28),43.706646,-79.5048294,742
2008,D55,Stabbing,2008-08-03T04:00:00.000Z,64,Woodbine Corridor (64),43.6701813,-79.3132401,743
2008,D42,Shooting,2008-08-10T04:00:00.000Z,128,Agincourt South-Malvern West (128),43.7873955,-79.2572784,744
2008,D32,Shooting,2008-08-24T04:00:00.000Z,37,Willowdale West (37),43.7654686,-79.4409332,745
2008,D42,Shooting,2008-08-26T04:00:00.000Z,132,Malvern (132),43.8065643,-79.2259445,746
2008,D23,Other,2008-05-28T04:00:00.000Z,1,West Humber-Clairville (1),43.7165337,-79.5926132,747
2008,D51,Other,2008-08-22T04:00:00.000Z,77,Waterfront Communities-The Island (77),43.6492119,-79.3561859,748
2008,D33,Stabbing,2008-09-02T04:00:00.000Z,52,Bayview Village (52),43.7659492,-79.3791733,749
2008,D12,Shooting,2008-09-08T04:00:00.000Z,112,Beechborough-Greenbrook (112),43.6913643,-79.4697189,750
2008,D31,Stabbing,2008-09-08T04:00:00.000Z,21,Humber Summit (21),43.7520943,-79.5423813,751
2008,D31,Shooting,2008-09-09T04:00:00.000Z,29,Maple Leaf (29),43.7225571,-79.4812698,752
2008,D31,Shooting,2008-09-16T04:00:00.000Z,24,Black Creek (24),43.7619209,-79.5188217,753
2008,D42,Stabbing,2008-09-16T04:00:00.000Z,128,Agincourt South-Malvern West (128),43.7817383,-79.2874298,754
2008,D31,Shooting,2008-09-22T04:00:00.000Z,25,Glenfield-Jane Heights (25),43.7554741,-79.5141907,755
2008,D22,Shooting,2008-10-03T04:00:00.000Z,8,Humber Heights-Westmount (8),43.6839638,-79.5114594,756
2008,D31,Other,2008-09-24T04:00:00.000Z,26,Downsview-Roding-CFB (26),43.7347145,-79.4902191,757
2008,D31,Shooting,2008-10-09T04:00:00.000Z,26,Downsview-Roding-CFB (26),43.7198334,-79.5138016,758
2008,D14,Other,2008-10-11T04:00:00.000Z,77,Waterfront Communities-The Island (77),43.6356773,-79.3983612,759
2008,D42,Stabbing,2008-10-13T04:00:00.000Z,131,Rouge (131),43.80756,-79.1667786,760
2008,D42,Stabbing,2008-10-13T04:00:00.000Z,131,Rouge (131),43.80756,-79.1667786,761
2008,D43,Shooting,2008-10-14T04:00:00.000Z,139,Scarborough Village (139),43.7417946,-79.2251663,762
2008,D55,Shooting,2008-10-25T04:00:00.000Z,70,South Riverdale (70),43.6632423,-79.3302231,763
2008,D32,Shooting,2008-10-25T04:00:00.000Z,33,Clanton Park (33),43.754097,-79.4401245,764
2008,D14,Other,2008-08-28T04:00:00.000Z,78,Kensington-Chinatown (78),43.6514397,-79.3999176,765
2008,D43,Stabbing,2008-11-18T05:00:00.000Z,135,Morningside (135),43.770813,-79.2179413,766
2008,D43,Stabbing,2008-11-18T05:00:00.000Z,135,Morningside (135),43.770813,-79.2179413,767
2008,D43,Stabbing,2008-11-18T05:00:00.000Z,135,Morningside (135),43.770813,-79.2179413,768
2008,D22,Other,2008-11-23T05:00:00.000Z,11,Eringate-Centennial-West Deane (11),43.6530304,-79.5725479,769
2008,D33,Shooting,2008-11-26T05:00:00.000Z,119,Wexford/Maryvale (119),43.7421455,-79.3097916,770
2008,D22,Stabbing,2008-12-03T05:00:00.000Z,18,New Toronto (18),43.6015396,-79.5088959,771
2008,D12,Stabbing,2008-12-06T05:00:00.000Z,112,Beechborough-Greenbrook (112),43.6966019,-79.470932,772
2008,D41,Other,2008-12-25T05:00:00.000Z,125,Ionview (125),43.7328644,-79.2789001,773
2009,D31,Shooting,2009-01-03T05:00:00.000Z,21,Humber Summit (21),43.751442,-79.5529861,774
2009,D33,Shooting,2009-01-04T05:00:00.000Z,42,Banbury-Don Mills (42),43.7409439,-79.355278,775
2009,D54,Other,2009-01-06T05:00:00.000Z,44,Flemingdon Park (44),43.7177429,-79.3265533,776
2009,D12,Stabbing,2009-01-16T05:00:00.000Z,91,Weston-Pellam Park (91),43.6708412,-79.4613113,777
2009,D12,Shooting,2009-01-20T05:00:00.000Z,110,Keelesdale-Eglinton West (110),43.6885223,-79.4743576,778
2009,D12,Shooting,2009-02-01T05:00:00.000Z,113,Weston (113),43.6983452,-79.5113144,779
2009,D41,Shooting,2009-02-10T05:00:00.000Z,135,Morningside (135),43.7856903,-79.2057037,780
2009,D31,Shooting,2009-02-22T05:00:00.000Z,24,Black Creek (24),43.7660446,-79.511673,781
2009,D12,Shooting,2009-02-26T05:00:00.000Z,112,Beechborough-Greenbrook (112),43.6896706,-79.4771805,782
2009,D41,Shooting,2009-02-28T05:00:00.000Z,126,Dorset Park (126),43.753231,-79.2762833,783
2009,D31,Stabbing,2009-03-12T04:00:00.000Z,24,Black Creek (24),43.7559319,-79.5242844,784
2009,D41,Stabbing,2009-04-02T04:00:00.000Z,124,Kennedy Park (124),43.7258186,-79.2625427,785
2009,D55,Stabbing,2009-04-17T04:00:00.000Z,70,South Riverdale (70),43.665863,-79.3341751,786
2009,D12,Shooting,2009-04-21T04:00:00.000Z,110,Keelesdale-Eglinton West (110),43.6839981,-79.4724197,787
2009,D12,Shooting,2009-04-22T04:00:00.000Z,115,Mount Dennis (115),43.6844788,-79.4988251,788
2009,D11,Shooting,2009-05-01T04:00:00.000Z,114,Lambton Baby Point (114),43.6638908,-79.5034866,789
2009,D14,Stabbing,2009-05-05T04:00:00.000Z,83,Dufferin Grove (83),43.6499863,-79.4370117,790
2009,D12,Shooting,2009-05-11T04:00:00.000Z,111,Rockcliffe-Smythe (111),43.6680069,-79.5004578,791
2009,D55,Stabbing,2009-05-20T04:00:00.000Z,70,South Riverdale (70),43.6584969,-79.3515549,792
2009,D23,Stabbing,2009-05-20T04:00:00.000Z,111,Rockcliffe-Smythe (111),43.6837349,-79.48246,793
2009,D12,Stabbing,2009-06-15T04:00:00.000Z,6,Kingsview Village-The Westway (6),43.695797,-79.5521545,794
2009,D32,Other,2009-06-17T04:00:00.000Z,31,Yorkdale-Glen Park (31),43.7157326,-79.4676285,795
2009,D51,Stabbing,2009-06-21T04:00:00.000Z,70,South Riverdale (70),43.6453133,-79.352478,796
2009,D51,Stabbing,2009-06-21T04:00:00.000Z,70,South Riverdale (70),43.6453133,-79.352478,797
2009,D55,Other,2009-05-09T04:00:00.000Z,65,Greenwood-Coxwell (65),43.668335,-79.3201828,798
2009,D31,Other,2009-07-07T04:00:00.000Z,25,Glenfield-Jane Heights (25),43.7345695,-79.5119247,799
2009,D41,Other,2009-07-11T04:00:00.000Z,126,Dorset Park (126),43.7715759,-79.2859497,800
2009,D43,Shooting,2009-07-19T04:00:00.000Z,131,Rouge (131),43.7938194,-79.1280975,801
2009,D42,Stabbing,2009-07-20T04:00:00.000Z,118,Tam O'Shanter-Sullivan (118),43.783596,-79.2993469,802
2009,D14,Shooting,2009-07-25T04:00:00.000Z,95,Annex (95),43.6659164,-79.4074707,803
2009,D53,Shooting,2009-08-01T04:00:00.000Z,95,Annex (95),43.6719017,-79.3954315,804
2009,D23,Shooting,2009-08-02T04:00:00.000Z,1,West Humber-Clairville (1),43.7550163,-79.606369,805
2009,D51,Shooting,2009-08-04T04:00:00.000Z,17,Mimico (includes Humber Bay Shores) (17),43.6104546,-79.4945831,806
2009,D41,Shooting,2009-08-05T04:00:00.000Z,138,Eglinton East (138),43.7355843,-79.2531891,807
2009,D23,Shooting,2009-08-10T04:00:00.000Z,1,West Humber-Clairville (1),43.73806,-79.5930023,808
2009,D23,Shooting,2009-08-16T04:00:00.000Z,2,Mount Olive-Silverstone-Jamestown (2),43.7463188,-79.5881653,809
2009,D55,Shooting,2009-09-02T04:00:00.000Z,69,Blake-Jones (69),43.672451,-79.3381882,810
2009,D51,Shooting,2009-09-05T04:00:00.000Z,73,Moss Park (73),43.6503944,-79.3678894,811
2009,D33,Shooting,2009-09-07T04:00:00.000Z,49,Bayview Woods-Steeles (49),43.7912979,-79.3691254,812
2009,D41,Other,2009-09-12T04:00:00.000Z,124,Kennedy Park (124),43.7175674,-79.2726669,813
2013,D32,Other,2013-07-13T04:00:00.000Z,50,Newtonbrook East (50),43.7816391,-79.4160004,814
2013,D42,Other,2013-02-06T05:00:00.000Z,116,Steeles (116),43.815731,-79.3334808,815
2013,D51,Other,2013-04-06T04:00:00.000Z,72,Regent Park (72),43.6624184,-79.3586884,816
2013,D14,Other,2013-07-14T04:00:00.000Z,82,Niagara (82),43.6441956,-79.4100494,817
2013,D42,Shooting,2013-04-25T04:00:00.000Z,131,Rouge (131),43.8187714,-79.2150726,818
2013,D22,Stabbing,2013-07-15T04:00:00.000Z,11,Eringate-Centennial-West Deane (11),43.6425743,-79.5808563,819
2013,D32,Stabbing,2013-04-25T04:00:00.000Z,38,Lansing-Westgate (38),43.7574692,-79.4254227,820
2013,D31,Other,2013-04-29T04:00:00.000Z,25,Glenfield-Jane Heights (25),43.7393913,-79.5132217,821
2013,D41,Stabbing,2013-04-30T04:00:00.000Z,122,Birchcliffe-Cliffside (122),43.69207,-79.2637024,822
2013,D22,Stabbing,2013-07-15T04:00:00.000Z,11,Eringate-Centennial-West Deane (11),43.6425743,-79.5808563,823
2013,D22,Stabbing,2013-07-15T04:00:00.000Z,11,Eringate-Centennial-West Deane (11),43.6425743,-79.5808563,824
2013,D14,Shooting,2013-05-19T04:00:00.000Z,81,Trinity-Bellwoods (81),43.650959,-79.4213791,825
2013,D54,Other,2013-05-16T04:00:00.000Z,54,O'Connor-Parkview (54),43.7125206,-79.300354,826
2013,D42,Shooting,2013-05-29T04:00:00.000Z,131,Rouge (131),43.821373,-79.2203674,827
2013,D42,Other,2013-06-03T04:00:00.000Z,129,Agincourt North (129),43.8078117,-79.2841568,828
2013,D11,Shooting,2013-08-05T04:00:00.000Z,87,High Park-Swansea (87),43.6378784,-79.4706421,829
2013,D54,Stabbing,2013-06-27T04:00:00.000Z,57,Broadview North (57),43.68293,-79.3572159,830
2013,D23,Shooting,2013-08-12T04:00:00.000Z,5,Elms-Old Rexdale (5),43.7212753,-79.5457153,831
2013,D31,Shooting,2013-07-28T04:00:00.000Z,25,Glenfield-Jane Heights (25),43.7507401,-79.5160751,832
2013,D31,Shooting,2013-08-23T04:00:00.000Z,25,Glenfield-Jane Heights (25),43.7492294,-79.5104523,833
2014,D41,Other,2014-01-14T05:00:00.000Z,126,Dorset Park (126),43.7591324,-79.2895889,834
2013,D31,Shooting,2013-08-23T04:00:00.000Z,25,Glenfield-Jane Heights (25),43.7492294,-79.5104523,835
2014,D23,Shooting,2014-01-29T05:00:00.000Z,8,Humber Heights-Westmount (8),43.6946144,-79.5173416,836
2014,D43,Other,2014-01-29T05:00:00.000Z,137,Woburn (137),43.7703896,-79.2201233,837
2014,D54,Stabbing,2014-02-02T05:00:00.000Z,54,O'Connor-Parkview (54),43.7022209,-79.297287,838
2014,D41,Other,2014-02-03T05:00:00.000Z,119,Wexford/Maryvale (119),43.7694817,-79.302269,839
2014,D32,Shooting,2014-02-04T05:00:00.000Z,105,Lawrence Park North (105),43.7336693,-79.4043961,840
2014,D22,Shooting,2014-02-09T05:00:00.000Z,20,Alderwood (20),43.6088715,-79.5529938,841
2014,D23,Stabbing,2014-02-12T05:00:00.000Z,2,Mount Olive-Silverstone-Jamestown (2),43.7383919,-79.5826874,842
2014,D54,Shooting,2014-03-08T05:00:00.000Z,44,Flemingdon Park (44),43.7165565,-79.3373184,843
2014,D22,Stabbing,2014-03-09T05:00:00.000Z,16,Stonegate-Queensway (16),43.6308784,-79.5177612,844
2013,D12,Shooting,2013-09-03T04:00:00.000Z,113,Weston (113),43.7045479,-79.5283203,845
2013,D33,Stabbing,2013-09-12T04:00:00.000Z,48,Hillcrest Village (48),43.8060379,-79.3673172,846
2013,D54,Stabbing,2013-09-14T04:00:00.000Z,66,Danforth (66),43.6833687,-79.3236389,847
2013,D23,Shooting,2013-09-17T04:00:00.000Z,7,Willowridge-Martingrove-Richview (7),43.676342,-79.5704117,848
2014,D55,Other,2014-03-12T04:00:00.000Z,65,Greenwood-Coxwell (65),43.680378,-79.3308105,849
2014,D43,Stabbing,2014-03-15T04:00:00.000Z,137,Woburn (137),43.7581863,-79.233078,850
2013,D12,Stabbing,2013-09-20T04:00:00.000Z,112,Beechborough-Greenbrook (112),43.6917191,-79.4676971,851
2014,D55,Stabbing,2014-03-15T04:00:00.000Z,70,South Riverdale (70),43.662468,-79.3513565,852
2014,D55,Shooting,2014-03-19T04:00:00.000Z,62,East End-Danforth (62),43.6861649,-79.3106689,853
2014,D55,Shooting,2014-03-19T04:00:00.000Z,62,East End-Danforth (62),43.6861649,-79.3106689,854
2014,D11,Shooting,2014-03-25T04:00:00.000Z,91,Weston-Pellam Park (91),43.6684875,-79.4523697,855
2014,D51,Shooting,2014-04-04T04:00:00.000Z,71,Cabbagetown-South St.James Town (71),43.6644669,-79.3680573,856
2014,D42,Shooting,2014-04-12T04:00:00.000Z,131,Rouge (131),43.8190956,-79.2130203,857
2013,D12,Stabbing,2013-10-13T04:00:00.000Z,113,Weston (113),43.7025185,-79.5195084,858
2014,D13,Shooting,2014-05-02T04:00:00.000Z,108,Briar Hill-Belgravia (108),43.6963615,-79.4473343,859
2014,D55,Shooting,2014-05-24T04:00:00.000Z,65,Greenwood-Coxwell (65),43.6743202,-79.3282013,860
2014,D42,Other,2014-06-10T04:00:00.000Z,129,Agincourt North (129),43.8082924,-79.2875366,861
2014,D51,Shooting,2014-07-06T04:00:00.000Z,73,Moss Park (73),43.6573067,-79.3734589,862
2014,D32,Shooting,2014-07-08T04:00:00.000Z,31,Yorkdale-Glen Park (31),43.7191162,-79.4482269,863
2014,D33,Other,2014-07-15T04:00:00.000Z,117,L'Amoreaux (117),43.7838783,-79.3270569,864
2014,D22,Stabbing,2014-08-09T04:00:00.000Z,13,Etobicoke West Mall (13),43.6523972,-79.5722122,865
2014,D12,Shooting,2014-08-18T04:00:00.000Z,115,Mount Dennis (115),43.6844788,-79.4988251,866
2014,D14,Shooting,2014-08-26T04:00:00.000Z,77,Waterfront Communities-The Island (77),43.6440315,-79.3944855,867
2014,D14,Other,2014-08-30T04:00:00.000Z,93,Dovercourt-Wallace Emerson-Junction (93),43.6617393,-79.426857,868
2014,D51,Other,2014-01-03T05:00:00.000Z,74,North St.James Town (74),43.6672974,-79.3737793,869
2014,D51,Other,2014-09-05T04:00:00.000Z,71,Cabbagetown-South St.James Town (71),43.6681747,-79.3695602,870
2014,D54,Stabbing,2014-09-08T04:00:00.000Z,62,East End-Danforth (62),43.6893082,-79.2967682,871
2014,D12,Shooting,2014-09-08T04:00:00.000Z,28,Rustic (28),43.7028809,-79.5038376,872
2014,D32,Shooting,2014-09-11T04:00:00.000Z,40,St.Andrew-Windfields (40),43.7600479,-79.3953781,873
2014,D22,Other,2014-09-11T04:00:00.000Z,14,Islington-City Centre West (14),43.6467743,-79.5305557,874
2014,D43,Shooting,2014-09-14T04:00:00.000Z,137,Woburn (137),43.757843,-79.2247086,875
2014,D33,Other,2014-09-14T04:00:00.000Z,47,Don Valley Village (47),43.7876511,-79.3516541,876
2014,D31,Shooting,2014-09-17T04:00:00.000Z,27,York University Heights (27),43.7622452,-79.5005188,877
2014,D23,Stabbing,2014-09-23T04:00:00.000Z,2,Mount Olive-Silverstone-Jamestown (2),43.7468147,-79.5838089,878
2014,D54,Stabbing,2014-09-27T04:00:00.000Z,66,Danforth (66),43.6817131,-79.3313522,879
2014,D43,Shooting,2014-09-29T04:00:00.000Z,139,Scarborough Village (139),43.742836,-79.2205582,880
2014,D13,Stabbing,2014-09-30T04:00:00.000Z,107,Oakwood Village (107),43.6960716,-79.4449997,881
2014,D12,Shooting,2014-10-05T04:00:00.000Z,90,Junction Area (90),43.6789017,-79.4740753,882
2014,D23,Shooting,2014-10-06T04:00:00.000Z,6,Kingsview Village-The Westway (6),43.700695,-79.5455322,883
2014,D23,Shooting,2014-10-06T04:00:00.000Z,6,Kingsview Village-The Westway (6),43.700695,-79.5455322,884
2014,D51,Shooting,2014-10-06T04:00:00.000Z,72,Regent Park (72),43.6572227,-79.3637543,885
2014,D33,Other,2014-10-13T04:00:00.000Z,47,Don Valley Village (47),43.790741,-79.3611526,886
2014,D11,Other,2014-10-15T04:00:00.000Z,93,Dovercourt-Wallace Emerson-Junction (93),43.6664314,-79.4381866,887
2014,D31,Shooting,2014-10-30T04:00:00.000Z,26,Downsview-Roding-CFB (26),43.7428703,-79.4860001,888
2014,D12,Shooting,2014-11-06T05:00:00.000Z,112,Beechborough-Greenbrook (112),43.690979,-79.4715118,889
2013,D51,Shooting,2013-09-23T04:00:00.000Z,73,Moss Park (73),43.6565018,-79.366951,890
2013,D12,Other,2013-05-24T04:00:00.000Z,111,Rockcliffe-Smythe (111),43.6788063,-79.4829025,891
2013,D52,Stabbing,2013-10-06T04:00:00.000Z,76,Bay Street Corridor (76),43.650444,-79.3846512,892
2013,D52,Other,2013-10-20T04:00:00.000Z,78,Kensington-Chinatown (78),43.6551399,-79.3989258,893
2013,D51,Other,2013-11-01T04:00:00.000Z,72,Regent Park (72),43.6597633,-79.364502,894
2013,D13,Other,2013-11-09T05:00:00.000Z,94,Wychwood (94),43.6738396,-79.4223862,895
2013,D55,Shooting,2013-11-10T05:00:00.000Z,62,East End-Danforth (62),43.6788864,-79.298027,896
2013,D32,Stabbing,2013-11-25T05:00:00.000Z,105,Lawrence Park North (105),43.7301712,-79.3952713,897
2013,D12,Other,2013-12-26T05:00:00.000Z,23,Pelmo Park-Humberlea (23),43.7115097,-79.5101013,898
2013,D42,Other,2013-12-27T05:00:00.000Z,130,Milliken (130),43.824276,-79.2721939,899
2013,D32,Other,2013-07-04T04:00:00.000Z,34,Bathurst Manor (34),43.7530708,-79.4502182,900
2006,D42,Shooting,2006-07-12T04:00:00.000Z,131,Rouge (131),43.8298149,-79.2264557,901
2011,D41,Other,2011-10-17T04:00:00.000Z,120,Clairlea-Birchmount (120),43.7125626,-79.2633667,902
2011,D14,Other,2011-10-07T04:00:00.000Z,84,Little Portugal (84),43.6412392,-79.4228516,903
2013,D31,Shooting,2013-02-24T05:00:00.000Z,21,Humber Summit (21),43.7684555,-79.542305,904
2013,D32,Shooting,2013-06-16T04:00:00.000Z,51,Willowdale East (51),43.7697296,-79.4108047,905
2013,D23,Shooting,2013-11-24T05:00:00.000Z,2,Mount Olive-Silverstone-Jamestown (2),43.7509766,-79.5858307,906
2009,D12,Other,2009-05-20T04:00:00.000Z,111,Rockcliffe-Smythe (111),43.6837349,-79.48246,907
2014,D53,Stabbing,2014-11-29T05:00:00.000Z,55,Thorncliffe Park (55),43.7080193,-79.3413849,908
2014,D53,Stabbing,2014-11-29T05:00:00.000Z,55,Thorncliffe Park (55),43.7080193,-79.3413849,909
2014,D53,Stabbing,2014-11-29T05:00:00.000Z,55,Thorncliffe Park (55),43.7080193,-79.3413849,910
2014,D52,Shooting,2014-11-16T05:00:00.000Z,76,Bay Street Corridor (76),43.6552429,-79.3860626,911
2014,D51,Stabbing,2014-12-01T05:00:00.000Z,74,North St.James Town (74),43.6672974,-79.3737793,912
2014,D41,Stabbing,2014-12-04T05:00:00.000Z,127,Bendale (127),43.7455254,-79.2548218,913
2014,D11,Stabbing,2014-12-09T05:00:00.000Z,88,High Park North (88),43.6563339,-79.4682236,914
